language,scenario,load_profile,methodology_version,result_classification,commit_sha,campaign_fingerprint,protocol_sha256,run,users,benchmark_kind,execution_order_position,method,endpoint,requests,failures,error_rate,avg_ms,p50_ms,p95_ms,p99_ms,throughput_rps,locust_reported_rps,throughput_source,test_elapsed_seconds,exact_measurement_window,resource_metrics_available,cadvisor_metrics_available,postgres_metrics_available,resource_metric_source,resource_metric_scope,cpu_average_percent,cpu_max_percent,memory_average_bytes,memory_max_bytes,cadvisor_coverage_percent,locust_cpu_average_percent,postgres_cpu_average_percent,postgres_connections_average,postgres_cache_hit_ratio
python,mixed_fixed_200,fixed_200,7,official,9bf804f519837b555d04b3e6ff4b9462cdc331e3,m7_9bf804f51983_54d7d8fefd79,legacy,3,50,fixed_rate,1,GET,GET /customers,8669,0,0.000000,16.656,11.000,44.000,91.000,28.897,28.893,request_count / monotonic elapsed_seconds,299.999,True,True,True,True,cadvisor_via_prometheus,whole_container_whole_run_not_endpoint_attribution,66.544,156.542,49922788.000,50552832.000,100.000,33.814,31.693,22.000,1.000
python,mixed_fixed_200,fixed_200,7,official,9bf804f519837b555d04b3e6ff4b9462cdc331e3,m7_9bf804f51983_54d7d8fefd79,legacy,3,50,fixed_rate,1,GET,GET /customers/{id},8971,0,0.000000,11.433,6.000,34.000,82.000,29.903,29.900,request_count / monotonic elapsed_seconds,299.999,True,True,True,True,cadvisor_via_prometheus,whole_container_whole_run_not_endpoint_attribution,66.544,156.542,49922788.000,50552832.000,100.000,33.814,31.693,22.000,1.000
python,mixed_fixed_200,fixed_200,7,official,9bf804f519837b555d04b3e6ff4b9462cdc331e3,m7_9bf804f51983_54d7d8fefd79,legacy,3,50,fixed_rate,1,GET,GET /health,2926,0,0.000000,9.715,5.000,32.000,82.000,9.753,9.752,request_count / monotonic elapsed_seconds,299.999,True,True,True,True,cadvisor_via_prometheus,whole_container_whole_run_not_endpoint_attribution,66.544,156.542,49922788.000,50552832.000,100.000,33.814,31.693,22.000,1.000
python,mixed_fixed_200,fixed_200,7,official,9bf804f519837b555d04b3e6ff4b9462cdc331e3,m7_9bf804f51983_54d7d8fefd79,legacy,3,50,fixed_rate,1,GET,GET /orders/{id},8979,0,0.000000,12.375,7.000,35.000,85.000,29.930,29.927,request_count / monotonic elapsed_seconds,299.999,True,True,True,True,cadvisor_via_prometheus,whole_container_whole_run_not_endpoint_attribution,66.544,156.542,49922788.000,50552832.000,100.000,33.814,31.693,22.000,1.000
python,mixed_fixed_200,fixed_200,7,official,9bf804f519837b555d04b3e6ff4b9462cdc331e3,m7_9bf804f51983_54d7d8fefd79,legacy,3,50,fixed_rate,1,GET,GET /products,9131,0,0.000000,13.467,7.000,42.000,90.000,30.437,30.433,request_count / monotonic elapsed_seconds,299.999,True,True,True,True,cadvisor_via_prometheus,whole_container_whole_run_not_endpoint_attribution,66.544,156.542,49922788.000,50552832.000,100.000,33.814,31.693,22.000,1.000
python,mixed_fixed_200,fixed_200,7,official,9bf804f519837b555d04b3e6ff4b9462cdc331e3,m7_9bf804f51983_54d7d8fefd79,legacy,3,50,fixed_rate,1,POST,POST /customers,5891,0,0.000000,79.458,62.000,210.000,310.000,19.637,19.634,request_count / monotonic elapsed_seconds,299.999,True,True,True,True,cadvisor_via_prometheus,whole_container_whole_run_not_endpoint_attribution,66.544,156.542,49922788.000,50552832.000,100.000,33.814,31.693,22.000,1.000
python,mixed_fixed_200,fixed_200,7,official,9bf804f519837b555d04b3e6ff4b9462cdc331e3,m7_9bf804f51983_54d7d8fefd79,legacy,3,50,fixed_rate,1,POST,POST /orders,8906,0,0.000000,99.670,75.000,260.000,370.000,29.687,29.683,request_count / monotonic elapsed_seconds,299.999,True,True,True,True,cadvisor_via_prometheus,whole_container_whole_run_not_endpoint_attribution,66.544,156.542,49922788.000,50552832.000,100.000,33.814,31.693,22.000,1.000
python,mixed_fixed_200,fixed_200,7,official,9bf804f519837b555d04b3e6ff4b9462cdc331e3,m7_9bf804f51983_54d7d8fefd79,legacy,3,50,fixed_rate,1,PUT,PUT /customers/{id},5919,0,0.000000,81.764,64.000,210.000,300.000,19.730,19.728,request_count / monotonic elapsed_seconds,299.999,True,True,True,True,cadvisor_via_prometheus,whole_container_whole_run_not_endpoint_attribution,66.544,156.542,49922788.000,50552832.000,100.000,33.814,31.693,22.000,1.000
node,mixed_fixed_200,fixed_200,7,official,9bf804f519837b555d04b3e6ff4b9462cdc331e3,m7_9bf804f51983_54d7d8fefd79,legacy,1,50,fixed_rate,2,GET,GET /customers,8862,0,0.000000,5.434,4.000,11.000,27.000,29.540,29.533,request_count / monotonic elapsed_seconds,300.000,True,True,True,True,cadvisor_via_prometheus,whole_container_whole_run_not_endpoint_attribution,23.977,42.221,61740243.000,64249856.000,100.000,27.881,27.157,22.000,1.000
node,mixed_fixed_200,fixed_200,7,official,9bf804f519837b555d04b3e6ff4b9462cdc331e3,m7_9bf804f51983_54d7d8fefd79,legacy,1,50,fixed_rate,2,GET,GET /customers/{id},8799,0,0.000000,3.715,2.000,8.000,24.000,29.330,29.323,request_count / monotonic elapsed_seconds,300.000,True,True,True,True,cadvisor_via_prometheus,whole_container_whole_run_not_endpoint_attribution,23.977,42.221,61740243.000,64249856.000,100.000,27.881,27.157,22.000,1.000
node,mixed_fixed_200,fixed_200,7,official,9bf804f519837b555d04b3e6ff4b9462cdc331e3,m7_9bf804f51983_54d7d8fefd79,legacy,1,50,fixed_rate,2,GET,GET /health,3061,0,0.000000,1.969,2.000,4.000,7.000,10.203,10.201,request_count / monotonic elapsed_seconds,300.000,True,True,True,True,cadvisor_via_prometheus,whole_container_whole_run_not_endpoint_attribution,23.977,42.221,61740243.000,64249856.000,100.000,27.881,27.157,22.000,1.000
node,mixed_fixed_200,fixed_200,7,official,9bf804f519837b555d04b3e6ff4b9462cdc331e3,m7_9bf804f51983_54d7d8fefd79,legacy,1,50,fixed_rate,2,GET,GET /orders/{id},8995,0,0.000000,4.866,3.000,9.000,26.000,29.983,29.976,request_count / monotonic elapsed_seconds,300.000,True,True,True,True,cadvisor_via_prometheus,whole_container_whole_run_not_endpoint_attribution,23.977,42.221,61740243.000,64249856.000,100.000,27.881,27.157,22.000,1.000
node,mixed_fixed_200,fixed_200,7,official,9bf804f519837b555d04b3e6ff4b9462cdc331e3,m7_9bf804f51983_54d7d8fefd79,legacy,1,50,fixed_rate,2,GET,GET /products,8812,0,0.000000,4.430,3.000,10.000,26.000,29.373,29.367,request_count / monotonic elapsed_seconds,300.000,True,True,True,True,cadvisor_via_prometheus,whole_container_whole_run_not_endpoint_attribution,23.977,42.221,61740243.000,64249856.000,100.000,27.881,27.157,22.000,1.000
node,mixed_fixed_200,fixed_200,7,official,9bf804f519837b555d04b3e6ff4b9462cdc331e3,m7_9bf804f51983_54d7d8fefd79,legacy,1,50,fixed_rate,2,POST,POST /customers,6011,0,0.000000,69.910,55.000,200.000,300.000,20.037,20.032,request_count / monotonic elapsed_seconds,300.000,True,True,True,True,cadvisor_via_prometheus,whole_container_whole_run_not_endpoint_attribution,23.977,42.221,61740243.000,64249856.000,100.000,27.881,27.157,22.000,1.000
node,mixed_fixed_200,fixed_200,7,official,9bf804f519837b555d04b3e6ff4b9462cdc331e3,m7_9bf804f51983_54d7d8fefd79,legacy,1,50,fixed_rate,2,POST,POST /orders,8951,0,0.000000,78.621,61.000,210.000,310.000,29.837,29.830,request_count / monotonic elapsed_seconds,300.000,True,True,True,True,cadvisor_via_prometheus,whole_container_whole_run_not_endpoint_attribution,23.977,42.221,61740243.000,64249856.000,100.000,27.881,27.157,22.000,1.000
node,mixed_fixed_200,fixed_200,7,official,9bf804f519837b555d04b3e6ff4b9462cdc331e3,m7_9bf804f51983_54d7d8fefd79,legacy,1,50,fixed_rate,2,PUT,PUT /customers/{id},5996,0,0.000000,70.037,54.000,200.000,290.000,19.987,19.982,request_count / monotonic elapsed_seconds,300.000,True,True,True,True,cadvisor_via_prometheus,whole_container_whole_run_not_endpoint_attribution,23.977,42.221,61740243.000,64249856.000,100.000,27.881,27.157,22.000,1.000
java,mixed_fixed_200,fixed_200,7,official,9bf804f519837b555d04b3e6ff4b9462cdc331e3,m7_9bf804f51983_54d7d8fefd79,legacy,1,50,fixed_rate,3,GET,GET /customers,8990,0,0.000000,3.645,3.000,6.000,11.000,29.967,29.963,request_count / monotonic elapsed_seconds,300.000,True,True,True,True,cadvisor_via_prometheus,whole_container_whole_run_not_endpoint_attribution,18.012,24.618,197256787.000,198443008.000,100.000,26.534,27.561,22.000,1.000
java,mixed_fixed_200,fixed_200,7,official,9bf804f519837b555d04b3e6ff4b9462cdc331e3,m7_9bf804f51983_54d7d8fefd79,legacy,1,50,fixed_rate,3,GET,GET /customers/{id},8933,0,0.000000,3.713,3.000,6.000,45.000,29.777,29.773,request_count / monotonic elapsed_seconds,300.000,True,True,True,True,cadvisor_via_prometheus,whole_container_whole_run_not_endpoint_attribution,18.012,24.618,197256787.000,198443008.000,100.000,26.534,27.561,22.000,1.000
java,mixed_fixed_200,fixed_200,7,official,9bf804f519837b555d04b3e6ff4b9462cdc331e3,m7_9bf804f51983_54d7d8fefd79,legacy,1,50,fixed_rate,3,GET,GET /health,3009,0,0.000000,2.246,1.000,4.000,42.000,10.030,10.029,request_count / monotonic elapsed_seconds,300.000,True,True,True,True,cadvisor_via_prometheus,whole_container_whole_run_not_endpoint_attribution,18.012,24.618,197256787.000,198443008.000,100.000,26.534,27.561,22.000,1.000
java,mixed_fixed_200,fixed_200,7,official,9bf804f519837b555d04b3e6ff4b9462cdc331e3,m7_9bf804f51983_54d7d8fefd79,legacy,1,50,fixed_rate,3,GET,GET /orders/{id},8800,0,0.000000,4.266,3.000,6.000,47.000,29.333,29.329,request_count / monotonic elapsed_seconds,300.000,True,True,True,True,cadvisor_via_prometheus,whole_container_whole_run_not_endpoint_attribution,18.012,24.618,197256787.000,198443008.000,100.000,26.534,27.561,22.000,1.000
java,mixed_fixed_200,fixed_200,7,official,9bf804f519837b555d04b3e6ff4b9462cdc331e3,m7_9bf804f51983_54d7d8fefd79,legacy,1,50,fixed_rate,3,GET,GET /products,8806,0,0.000000,3.006,2.000,5.000,14.000,29.353,29.349,request_count / monotonic elapsed_seconds,300.000,True,True,True,True,cadvisor_via_prometheus,whole_container_whole_run_not_endpoint_attribution,18.012,24.618,197256787.000,198443008.000,100.000,26.534,27.561,22.000,1.000
java,mixed_fixed_200,fixed_200,7,official,9bf804f519837b555d04b3e6ff4b9462cdc331e3,m7_9bf804f51983_54d7d8fefd79,legacy,1,50,fixed_rate,3,POST,POST /customers,6010,0,0.000000,64.137,50.000,180.000,270.000,20.033,20.031,request_count / monotonic elapsed_seconds,300.000,True,True,True,True,cadvisor_via_prometheus,whole_container_whole_run_not_endpoint_attribution,18.012,24.618,197256787.000,198443008.000,100.000,26.534,27.561,22.000,1.000
java,mixed_fixed_200,fixed_200,7,official,9bf804f519837b555d04b3e6ff4b9462cdc331e3,m7_9bf804f51983_54d7d8fefd79,legacy,1,50,fixed_rate,3,POST,POST /orders,9054,0,0.000000,71.579,56.000,190.000,300.000,30.180,30.176,request_count / monotonic elapsed_seconds,300.000,True,True,True,True,cadvisor_via_prometheus,whole_container_whole_run_not_endpoint_attribution,18.012,24.618,197256787.000,198443008.000,100.000,26.534,27.561,22.000,1.000
java,mixed_fixed_200,fixed_200,7,official,9bf804f519837b555d04b3e6ff4b9462cdc331e3,m7_9bf804f51983_54d7d8fefd79,legacy,1,50,fixed_rate,3,PUT,PUT /customers/{id},5929,0,0.000000,64.469,50.000,170.000,270.000,19.763,19.761,request_count / monotonic elapsed_seconds,300.000,True,True,True,True,cadvisor_via_prometheus,whole_container_whole_run_not_endpoint_attribution,18.012,24.618,197256787.000,198443008.000,100.000,26.534,27.561,22.000,1.000
go,mixed_fixed_200,fixed_200,7,official,9bf804f519837b555d04b3e6ff4b9462cdc331e3,m7_9bf804f51983_54d7d8fefd79,legacy,1,50,fixed_rate,4,GET,GET /customers,9022,0,0.000000,10.358,9.000,19.000,49.000,30.073,30.081,request_count / monotonic elapsed_seconds,300.000,True,True,True,True,cadvisor_via_prometheus,whole_container_whole_run_not_endpoint_attribution,26.628,63.120,10602116.000,11530240.000,100.000,25.183,31.710,22.000,1.000
go,mixed_fixed_200,fixed_200,7,official,9bf804f519837b555d04b3e6ff4b9462cdc331e3,m7_9bf804f51983_54d7d8fefd79,legacy,1,50,fixed_rate,4,GET,GET /customers/{id},8829,0,0.000000,6.246,5.000,12.000,29.000,29.430,29.437,request_count / monotonic elapsed_seconds,300.000,True,True,True,True,cadvisor_via_prometheus,whole_container_whole_run_not_endpoint_attribution,26.628,63.120,10602116.000,11530240.000,100.000,25.183,31.710,22.000,1.000
go,mixed_fixed_200,fixed_200,7,official,9bf804f519837b555d04b3e6ff4b9462cdc331e3,m7_9bf804f51983_54d7d8fefd79,legacy,1,50,fixed_rate,4,GET,GET /health,2848,0,0.000000,3.823,3.000,8.000,12.000,9.493,9.496,request_count / monotonic elapsed_seconds,300.000,True,True,True,True,cadvisor_via_prometheus,whole_container_whole_run_not_endpoint_attribution,26.628,63.120,10602116.000,11530240.000,100.000,25.183,31.710,22.000,1.000
go,mixed_fixed_200,fixed_200,7,official,9bf804f519837b555d04b3e6ff4b9462cdc331e3,m7_9bf804f51983_54d7d8fefd79,legacy,1,50,fixed_rate,4,GET,GET /orders/{id},8993,0,0.000000,7.945,7.000,14.000,29.000,29.977,29.984,request_count / monotonic elapsed_seconds,300.000,True,True,True,True,cadvisor_via_prometheus,whole_container_whole_run_not_endpoint_attribution,26.628,63.120,10602116.000,11530240.000,100.000,25.183,31.710,22.000,1.000
go,mixed_fixed_200,fixed_200,7,official,9bf804f519837b555d04b3e6ff4b9462cdc331e3,m7_9bf804f51983_54d7d8fefd79,legacy,1,50,fixed_rate,4,GET,GET /products,9040,0,0.000000,8.174,7.000,17.000,47.000,30.133,30.141,request_count / monotonic elapsed_seconds,300.000,True,True,True,True,cadvisor_via_prometheus,whole_container_whole_run_not_endpoint_attribution,26.628,63.120,10602116.000,11530240.000,100.000,25.183,31.710,22.000,1.000
go,mixed_fixed_200,fixed_200,7,official,9bf804f519837b555d04b3e6ff4b9462cdc331e3,m7_9bf804f51983_54d7d8fefd79,legacy,1,50,fixed_rate,4,POST,POST /customers,5967,0,0.000000,56.003,51.000,90.000,130.000,19.890,19.895,request_count / monotonic elapsed_seconds,300.000,True,True,True,True,cadvisor_via_prometheus,whole_container_whole_run_not_endpoint_attribution,26.628,63.120,10602116.000,11530240.000,100.000,25.183,31.710,22.000,1.000
go,mixed_fixed_200,fixed_200,7,official,9bf804f519837b555d04b3e6ff4b9462cdc331e3,m7_9bf804f51983_54d7d8fefd79,legacy,1,50,fixed_rate,4,POST,POST /orders,8941,0,0.000000,66.877,62.000,120.000,160.000,29.803,29.811,request_count / monotonic elapsed_seconds,300.000,True,True,True,True,cadvisor_via_prometheus,whole_container_whole_run_not_endpoint_attribution,26.628,63.120,10602116.000,11530240.000,100.000,25.183,31.710,22.000,1.000
go,mixed_fixed_200,fixed_200,7,official,9bf804f519837b555d04b3e6ff4b9462cdc331e3,m7_9bf804f51983_54d7d8fefd79,legacy,1,50,fixed_rate,4,PUT,PUT /customers/{id},5960,0,0.000000,56.358,52.000,90.000,140.000,19.867,19.872,request_count / monotonic elapsed_seconds,300.000,True,True,True,True,cadvisor_via_prometheus,whole_container_whole_run_not_endpoint_attribution,26.628,63.120,10602116.000,11530240.000,100.000,25.183,31.710,22.000,1.000
dotnet,mixed_fixed_200,fixed_200,7,official,9bf804f519837b555d04b3e6ff4b9462cdc331e3,m7_9bf804f51983_54d7d8fefd79,legacy,1,50,fixed_rate,5,GET,GET /customers,8941,0,0.000000,4.765,4.000,8.000,14.000,29.803,29.804,request_count / monotonic elapsed_seconds,300.000,True,True,True,True,cadvisor_via_prometheus,whole_container_whole_run_not_endpoint_attribution,33.076,48.636,90289691.000,108175360.000,100.000,27.748,29.518,21.658,1.000
dotnet,mixed_fixed_200,fixed_200,7,official,9bf804f519837b555d04b3e6ff4b9462cdc331e3,m7_9bf804f51983_54d7d8fefd79,legacy,1,50,fixed_rate,5,GET,GET /customers/{id},8975,0,0.000000,3.415,2.000,6.000,11.000,29.917,29.918,request_count / monotonic elapsed_seconds,300.000,True,True,True,True,cadvisor_via_prometheus,whole_container_whole_run_not_endpoint_attribution,33.076,48.636,90289691.000,108175360.000,100.000,27.748,29.518,21.658,1.000
dotnet,mixed_fixed_200,fixed_200,7,official,9bf804f519837b555d04b3e6ff4b9462cdc331e3,m7_9bf804f51983_54d7d8fefd79,legacy,1,50,fixed_rate,5,GET,GET /health,2978,0,0.000000,1.928,2.000,4.000,6.000,9.927,9.927,request_count / monotonic elapsed_seconds,300.000,True,True,True,True,cadvisor_via_prometheus,whole_container_whole_run_not_endpoint_attribution,33.076,48.636,90289691.000,108175360.000,100.000,27.748,29.518,21.658,1.000
dotnet,mixed_fixed_200,fixed_200,7,official,9bf804f519837b555d04b3e6ff4b9462cdc331e3,m7_9bf804f51983_54d7d8fefd79,legacy,1,50,fixed_rate,5,GET,GET /orders/{id},8814,0,0.000000,4.393,3.000,7.000,14.000,29.380,29.381,request_count / monotonic elapsed_seconds,300.000,True,True,True,True,cadvisor_via_prometheus,whole_container_whole_run_not_endpoint_attribution,33.076,48.636,90289691.000,108175360.000,100.000,27.748,29.518,21.658,1.000
dotnet,mixed_fixed_200,fixed_200,7,official,9bf804f519837b555d04b3e6ff4b9462cdc331e3,m7_9bf804f51983_54d7d8fefd79,legacy,1,50,fixed_rate,5,GET,GET /products,8992,0,0.000000,3.659,3.000,6.000,12.000,29.973,29.974,request_count / monotonic elapsed_seconds,300.000,True,True,True,True,cadvisor_via_prometheus,whole_container_whole_run_not_endpoint_attribution,33.076,48.636,90289691.000,108175360.000,100.000,27.748,29.518,21.658,1.000
dotnet,mixed_fixed_200,fixed_200,7,official,9bf804f519837b555d04b3e6ff4b9462cdc331e3,m7_9bf804f51983_54d7d8fefd79,legacy,1,50,fixed_rate,5,POST,POST /customers,5980,0,0.000000,66.669,52.000,180.000,290.000,19.933,19.934,request_count / monotonic elapsed_seconds,300.000,True,True,True,True,cadvisor_via_prometheus,whole_container_whole_run_not_endpoint_attribution,33.076,48.636,90289691.000,108175360.000,100.000,27.748,29.518,21.658,1.000
dotnet,mixed_fixed_200,fixed_200,7,official,9bf804f519837b555d04b3e6ff4b9462cdc331e3,m7_9bf804f51983_54d7d8fefd79,legacy,1,50,fixed_rate,5,POST,POST /orders,8864,0,0.000000,76.609,59.000,210.000,310.000,29.547,29.548,request_count / monotonic elapsed_seconds,300.000,True,True,True,True,cadvisor_via_prometheus,whole_container_whole_run_not_endpoint_attribution,33.076,48.636,90289691.000,108175360.000,100.000,27.748,29.518,21.658,1.000
dotnet,mixed_fixed_200,fixed_200,7,official,9bf804f519837b555d04b3e6ff4b9462cdc331e3,m7_9bf804f51983_54d7d8fefd79,legacy,1,50,fixed_rate,5,PUT,PUT /customers/{id},5934,0,0.000000,66.128,52.000,180.000,280.000,19.780,19.781,request_count / monotonic elapsed_seconds,300.000,True,True,True,True,cadvisor_via_prometheus,whole_container_whole_run_not_endpoint_attribution,33.076,48.636,90289691.000,108175360.000,100.000,27.748,29.518,21.658,1.000
