timestamp_utc,container_name,container_id,cpu_percent,memory_usage_bytes,memory_limit_bytes,network_rx_bytes,network_tx_bytes,block_read_bytes,block_write_bytes,pids
2026-08-25T00:55:10.135Z,tcc_benchmark_dotnet_api,f0d0bf7c9133,0.01,110310195,8327941587,581000000,809000000,93400000,0,27
2026-08-25T00:55:10.135Z,tcc_benchmark_grafana,135abf368c34,0.74,74973184,8327941587,57400,33900,222000000,758000,20
2026-08-25T00:55:10.135Z,tcc_benchmark_results_exporter,996fd2a9341c,12.67,34844180,8327941587,652000,53400000,26000000,8190,1
2026-08-25T00:55:10.135Z,tcc_benchmark_cadvisor,32e5cd243d1d,0.31,43327160,8327941587,458000,12500000,43200000,0,13
2026-08-25T00:55:10.135Z,tcc_benchmark_prometheus,d7ed9eff3c31,0.32,67622666,8327941587,74600000,1880000,155000000,39700000,10
2026-08-25T00:55:10.135Z,tcc_benchmark_postgres_exporter,fe9a09d554fc,0.0,9761194,8327941587,30500000,13900000,15900000,0,8
2026-08-25T00:55:10.135Z,tcc_benchmark_postgres,1f2ff9d557e1,5.3,146905498,8327941587,1700000000,4580000000,73300000,1710000000,21
2026-08-25T00:55:14.278Z,tcc-postgresql-backend-benchmark-locust-run-1af81d3e7d09,55b5ac62ce93,14.22,185388237,8327941587,729000,104000,0,0,11
2026-08-25T00:55:14.278Z,tcc_benchmark_dotnet_api,f0d0bf7c9133,4.56,110624768,8327941587,581000000,810000000,93400000,0,24
2026-08-25T00:55:14.278Z,tcc_benchmark_grafana,135abf368c34,0.05,74186752,8327941587,57600,33900,222000000,758000,20
2026-08-25T00:55:14.278Z,tcc_benchmark_results_exporter,996fd2a9341c,0.01,34634465,8327941587,652000,53400000,26000000,8190,1
2026-08-25T00:55:14.278Z,tcc_benchmark_cadvisor,32e5cd243d1d,2.5,43683676,8327941587,459000,12600000,43200000,0,13
2026-08-25T00:55:14.278Z,tcc_benchmark_prometheus,d7ed9eff3c31,0.0,67559752,8327941587,74600000,1890000,155000000,39700000,10
2026-08-25T00:55:14.278Z,tcc_benchmark_postgres_exporter,fe9a09d554fc,0.0,9621733,8327941587,30600000,13900000,15900000,0,8
2026-08-25T00:55:14.278Z,tcc_benchmark_postgres,1f2ff9d557e1,6.07,147115213,8327941587,1700000000,4580000000,73300000,1710000000,21
2026-08-25T00:55:18.441Z,tcc-postgresql-backend-benchmark-locust-run-1af81d3e7d09,55b5ac62ce93,45.57,187275674,8327941587,8540000,1030000,0,0,11
2026-08-25T00:55:18.441Z,tcc_benchmark_dotnet_api,f0d0bf7c9133,55.27,112826778,8327941587,588000000,819000000,93400000,0,24
2026-08-25T00:55:18.441Z,tcc_benchmark_grafana,135abf368c34,0.23,74186752,8327941587,57600,33900,222000000,758000,20
2026-08-25T00:55:18.441Z,tcc_benchmark_results_exporter,996fd2a9341c,0.01,34770780,8327941587,653000,53600000,26000000,8190,1
2026-08-25T00:55:18.441Z,tcc_benchmark_cadvisor,32e5cd243d1d,2.22,43306189,8327941587,460000,12600000,43200000,0,13
2026-08-25T00:55:18.441Z,tcc_benchmark_prometheus,d7ed9eff3c31,0.53,67612180,8327941587,74800000,1890000,155000000,39700000,10
2026-08-25T00:55:18.441Z,tcc_benchmark_postgres_exporter,fe9a09d554fc,0.0,9752805,8327941587,30600000,14000000,15900000,0,8
2026-08-25T00:55:18.441Z,tcc_benchmark_postgres,1f2ff9d557e1,58.79,167457587,8327941587,1700000000,4580000000,73300000,1710000000,27
2026-08-25T00:55:22.598Z,tcc-postgresql-backend-benchmark-locust-run-1af81d3e7d09,55b5ac62ce93,49.84,186751386,8327941587,20100000,2260000,0,0,1
2026-08-25T00:55:22.598Z,tcc_benchmark_dotnet_api,f0d0bf7c9133,65.89,112302490,8327941587,596000000,831000000,93400000,0,24
2026-08-25T00:55:22.598Z,tcc_benchmark_grafana,135abf368c34,0.07,74448896,8327941587,57600,33900,222000000,758000,20
2026-08-25T00:55:22.598Z,tcc_benchmark_results_exporter,996fd2a9341c,0.01,35011953,8327941587,655000,53800000,26000000,8190,1
2026-08-25T00:55:22.598Z,tcc_benchmark_cadvisor,32e5cd243d1d,0.77,43337646,8327941587,460000,12600000,43200000,0,13
2026-08-25T00:55:22.598Z,tcc_benchmark_prometheus,d7ed9eff3c31,0.23,67350036,8327941587,75000000,1890000,155000000,39700000,10
2026-08-25T00:55:22.598Z,tcc_benchmark_postgres_exporter,fe9a09d554fc,0.0,9589228,8327941587,30700000,14000000,15900000,0,8
2026-08-25T00:55:22.598Z,tcc_benchmark_postgres,1f2ff9d557e1,59.53,167667302,8327941587,1700000000,4590000000,73300000,1710000000,27
2026-08-25T00:55:26.766Z,tcc-postgresql-backend-benchmark-locust-run-1af81d3e7d09,55b5ac62ce93,45.88,186961101,8327941587,27600000,3130000,0,0,1
2026-08-25T00:55:26.766Z,tcc_benchmark_dotnet_api,f0d0bf7c9133,55.68,112197632,8327941587,604000000,843000000,93400000,0,24
2026-08-25T00:55:26.766Z,tcc_benchmark_grafana,135abf368c34,0.06,74186752,8327941587,57600,33900,222000000,758000,20
2026-08-25T00:55:26.766Z,tcc_benchmark_results_exporter,996fd2a9341c,0.01,35053896,8327941587,656000,54000000,26000000,8190,1
2026-08-25T00:55:26.766Z,tcc_benchmark_cadvisor,32e5cd243d1d,0.78,43767562,8327941587,460000,12600000,43200000,0,13
2026-08-25T00:55:26.766Z,tcc_benchmark_prometheus,d7ed9eff3c31,0.56,67035464,8327941587,75200000,1890000,155000000,39700000,10
2026-08-25T00:55:26.766Z,tcc_benchmark_postgres_exporter,fe9a09d554fc,0.0,9572450,8327941587,30700000,14000000,15900000,0,8
2026-08-25T00:55:26.766Z,tcc_benchmark_postgres,1f2ff9d557e1,59.52,167772160,8327941587,1700000000,4600000000,73300000,1710000000,27
2026-08-25T00:55:30.947Z,tcc-postgresql-backend-benchmark-locust-run-1af81d3e7d09,55b5ac62ce93,53.99,187065958,8327941587,38600000,4290000,0,0,1
2026-08-25T00:55:30.947Z,tcc_benchmark_dotnet_api,f0d0bf7c9133,53.29,112302490,8327941587,612000000,854000000,93400000,0,24
2026-08-25T00:55:30.947Z,tcc_benchmark_grafana,135abf368c34,0.15,74448896,8327941587,57600,33900,222000000,758000,20
2026-08-25T00:55:30.947Z,tcc_benchmark_results_exporter,996fd2a9341c,9.38,35221668,8327941587,657000,54100000,26000000,8190,1
2026-08-25T00:55:30.947Z,tcc_benchmark_cadvisor,32e5cd243d1d,0.38,44061164,8327941587,461000,12600000,43200000,0,13
2026-08-25T00:55:30.947Z,tcc_benchmark_prometheus,d7ed9eff3c31,1.04,67758981,8327941587,75400000,1900000,155000000,39700000,10
2026-08-25T00:55:30.947Z,tcc_benchmark_postgres_exporter,fe9a09d554fc,1.73,9355395,8327941587,30700000,14000000,15900000,0,8
2026-08-25T00:55:30.947Z,tcc_benchmark_postgres,1f2ff9d557e1,64.95,167772160,8327941587,1710000000,4610000000,73300000,1720000000,27
2026-08-25T00:55:35.107Z,tcc-postgresql-backend-benchmark-locust-run-1af81d3e7d09,55b5ac62ce93,53.26,187485389,8327941587,51800000,5720000,0,0,1
2026-08-25T00:55:35.107Z,tcc_benchmark_dotnet_api,f0d0bf7c9133,59.65,112512205,8327941587,621000000,866000000,93400000,0,24
2026-08-25T00:55:35.107Z,tcc_benchmark_grafana,135abf368c34,0.05,74186752,8327941587,57600,33900,222000000,758000,20
2026-08-25T00:55:35.107Z,tcc_benchmark_results_exporter,996fd2a9341c,4.41,34896609,8327941587,658000,54300000,26000000,8190,1
2026-08-25T00:55:35.107Z,tcc_benchmark_cadvisor,32e5cd243d1d,0.3,43966792,8327941587,462000,12600000,43200000,0,13
2026-08-25T00:55:35.107Z,tcc_benchmark_prometheus,d7ed9eff3c31,0.42,67706552,8327941587,75600000,1900000,155000000,39700000,10
2026-08-25T00:55:35.107Z,tcc_benchmark_postgres_exporter,fe9a09d554fc,0.0,8835301,8327941587,30700000,14000000,15900000,0,8
2026-08-25T00:55:35.107Z,tcc_benchmark_postgres,1f2ff9d557e1,61.04,167562445,8327941587,1710000000,4610000000,73300000,1720000000,27
2026-08-25T00:55:39.286Z,tcc-postgresql-backend-benchmark-locust-run-1af81d3e7d09,55b5ac62ce93,52.5,187695104,8327941587,63600000,6930000,0,0,1
2026-08-25T00:55:39.286Z,tcc_benchmark_dotnet_api,f0d0bf7c9133,67.35,112617062,8327941587,628000000,875000000,93400000,0,24
2026-08-25T00:55:39.286Z,tcc_benchmark_grafana,135abf368c34,0.07,74186752,8327941587,57600,33900,222000000,758000,20
2026-08-25T00:55:39.286Z,tcc_benchmark_results_exporter,996fd2a9341c,0.01,34833695,8327941587,658000,54300000,26000000,8190,1
2026-08-25T00:55:39.286Z,tcc_benchmark_cadvisor,32e5cd243d1d,4.66,44658852,8327941587,462000,12600000,43200000,0,13
2026-08-25T00:55:39.286Z,tcc_benchmark_prometheus,d7ed9eff3c31,0.55,67412951,8327941587,75700000,1900000,155000000,39700000,10
2026-08-25T00:55:39.286Z,tcc_benchmark_postgres_exporter,fe9a09d554fc,0.0,9576645,8327941587,30800000,14000000,15900000,0,8
2026-08-25T00:55:39.286Z,tcc_benchmark_postgres,1f2ff9d557e1,61.5,167667302,8327941587,1710000000,4620000000,73300000,1720000000,27
2026-08-25T00:55:43.465Z,tcc-postgresql-backend-benchmark-locust-run-1af81d3e7d09,55b5ac62ce93,54.21,188009677,8327941587,72300000,7880000,0,0,1
2026-08-25T00:55:43.465Z,tcc_benchmark_dotnet_api,f0d0bf7c9133,54.74,112302490,8327941587,638000000,890000000,93400000,0,24
2026-08-25T00:55:43.465Z,tcc_benchmark_grafana,135abf368c34,0.1,74186752,8327941587,57600,33900,222000000,758000,20
2026-08-25T00:55:43.465Z,tcc_benchmark_results_exporter,996fd2a9341c,0.01,34990981,8327941587,659000,54500000,26000000,8190,1
2026-08-25T00:55:43.465Z,tcc_benchmark_cadvisor,32e5cd243d1d,1.99,44595937,8327941587,463000,12700000,43200000,0,13
2026-08-25T00:55:43.465Z,tcc_benchmark_prometheus,d7ed9eff3c31,0.59,67800924,8327941587,75900000,1900000,155000000,39900000,10
2026-08-25T00:55:43.465Z,tcc_benchmark_postgres_exporter,fe9a09d554fc,0.0,9187623,8327941587,30800000,14100000,15900000,0,8
2026-08-25T00:55:43.465Z,tcc_benchmark_postgres,1f2ff9d557e1,55.23,167981875,8327941587,1720000000,4630000000,73300000,1720000000,27
2026-08-25T00:55:47.637Z,tcc-postgresql-backend-benchmark-locust-run-1af81d3e7d09,55b5ac62ce93,55.31,188009677,8327941587,85400000,9300000,0,0,1
2026-08-25T00:55:47.637Z,tcc_benchmark_dotnet_api,f0d0bf7c9133,54.87,112407347,8327941587,645000000,899000000,93400000,0,24
2026-08-25T00:55:47.637Z,tcc_benchmark_grafana,135abf368c34,0.12,74448896,8327941587,57600,33900,222000000,758000,20
2026-08-25T00:55:47.637Z,tcc_benchmark_results_exporter,996fd2a9341c,9.68,34907095,8327941587,660000,54700000,26000000,8190,1
2026-08-25T00:55:47.637Z,tcc_benchmark_cadvisor,32e5cd243d1d,0.45,44606423,8327941587,463000,12700000,43200000,0,13
2026-08-25T00:55:47.637Z,tcc_benchmark_prometheus,d7ed9eff3c31,0.0,67748495,8327941587,76100000,1900000,155000000,39900000,10
2026-08-25T00:55:47.637Z,tcc_benchmark_postgres_exporter,fe9a09d554fc,0.0,9400484,8327941587,30900000,14100000,15900000,0,8
2026-08-25T00:55:47.637Z,tcc_benchmark_postgres,1f2ff9d557e1,63.57,168086733,8327941587,1720000000,4640000000,73300000,1720000000,27
2026-08-25T00:55:51.819Z,tcc-postgresql-backend-benchmark-locust-run-1af81d3e7d09,55b5ac62ce93,54.14,188114534,8327941587,96300000,10500000,0,0,1
2026-08-25T00:55:51.819Z,tcc_benchmark_dotnet_api,f0d0bf7c9133,59.88,112512205,8327941587,655000000,914000000,93400000,0,24
2026-08-25T00:55:51.819Z,tcc_benchmark_grafana,135abf368c34,0.06,74711040,8327941587,57600,33900,222000000,758000,20
2026-08-25T00:55:51.819Z,tcc_benchmark_results_exporter,996fd2a9341c,10.85,35295068,8327941587,661000,54900000,26000000,8190,1
2026-08-25T00:55:51.819Z,tcc_benchmark_cadvisor,32e5cd243d1d,0.72,47699722,8327941587,464000,12700000,43200000,0,13
2026-08-25T00:55:51.819Z,tcc_benchmark_prometheus,d7ed9eff3c31,0.74,67266150,8327941587,76300000,1910000,155000000,39900000,10
2026-08-25T00:55:51.819Z,tcc_benchmark_postgres_exporter,fe9a09d554fc,0.0,9301918,8327941587,30900000,14100000,15900000,0,8
2026-08-25T00:55:51.819Z,tcc_benchmark_postgres,1f2ff9d557e1,61.03,167877018,8327941587,1720000000,4650000000,73300000,1730000000,34
2026-08-25T00:55:55.983Z,tcc-postgresql-backend-benchmark-locust-run-1af81d3e7d09,55b5ac62ce93,54.65,187799962,8327941587,104000000,11400000,0,0,1
2026-08-25T00:55:55.983Z,tcc_benchmark_dotnet_api,f0d0bf7c9133,20.84,112617062,8327941587,662000000,924000000,93400000,0,24
2026-08-25T00:55:55.983Z,tcc_benchmark_grafana,135abf368c34,0.07,74186752,8327941587,57600,33900,222000000,758000,20
2026-08-25T00:55:55.983Z,tcc_benchmark_results_exporter,996fd2a9341c,0.72,34959524,8327941587,662000,55000000,26000000,8190,1
2026-08-25T00:55:55.983Z,tcc_benchmark_cadvisor,32e5cd243d1d,0.43,47720694,8327941587,464000,12700000,43200000,0,13
2026-08-25T00:55:55.983Z,tcc_benchmark_prometheus,d7ed9eff3c31,2.72,67245179,8327941587,76500000,1910000,155000000,39900000,10
2026-08-25T00:55:55.983Z,tcc_benchmark_postgres_exporter,fe9a09d554fc,1.45,9363784,8327941587,31000000,14100000,15900000,0,8
2026-08-25T00:55:55.983Z,tcc_benchmark_postgres,1f2ff9d557e1,65.09,167877018,8327941587,1720000000,4650000000,73300000,1730000000,27
2026-08-25T00:56:00.133Z,tcc-postgresql-backend-benchmark-locust-run-1af81d3e7d09,55b5ac62ce93,56.94,188324250,8327941587,116000000,12600000,0,0,1
2026-08-25T00:56:00.133Z,tcc_benchmark_dotnet_api,f0d0bf7c9133,69.4,113036493,8327941587,671000000,936000000,93400000,0,25
2026-08-25T00:56:00.133Z,tcc_benchmark_grafana,135abf368c34,0.93,74197238,8327941587,57600,33900,222000000,758000,20
2026-08-25T00:56:00.133Z,tcc_benchmark_results_exporter,996fd2a9341c,4.72,35420897,8327941587,664000,55200000,26000000,8190,1
2026-08-25T00:56:00.133Z,tcc_benchmark_cadvisor,32e5cd243d1d,3.34,48234496,8327941587,465000,12700000,43200000,0,13
2026-08-25T00:56:00.133Z,tcc_benchmark_prometheus,d7ed9eff3c31,0.41,67056435,8327941587,76700000,1910000,155000000,39900000,10
2026-08-25T00:56:00.133Z,tcc_benchmark_postgres_exporter,fe9a09d554fc,0.0,8528069,8327941587,31000000,14100000,15900000,0,8
2026-08-25T00:56:00.133Z,tcc_benchmark_postgres,1f2ff9d557e1,71.34,166828442,8327941587,1730000000,4660000000,73300000,1740000000,27
2026-08-25T00:56:04.293Z,tcc-postgresql-backend-benchmark-locust-run-1af81d3e7d09,55b5ac62ce93,55.99,188219392,8327941587,125000000,13500000,0,0,1
2026-08-25T00:56:04.293Z,tcc_benchmark_dotnet_api,f0d0bf7c9133,65.71,112721920,8327941587,677000000,945000000,93400000,0,24
2026-08-25T00:56:04.293Z,tcc_benchmark_grafana,135abf368c34,0.08,74186752,8327941587,57600,33900,222000000,758000,20
2026-08-25T00:56:04.293Z,tcc_benchmark_results_exporter,996fd2a9341c,0.01,34980495,8327941587,664000,55200000,26000000,8190,1
2026-08-25T00:56:04.293Z,tcc_benchmark_cadvisor,32e5cd243d1d,0.79,48465183,8327941587,466000,12800000,43200000,0,13
2026-08-25T00:56:04.293Z,tcc_benchmark_prometheus,d7ed9eff3c31,0.06,67024978,8327941587,76700000,1910000,155000000,39900000,10
2026-08-25T00:56:04.293Z,tcc_benchmark_postgres_exporter,fe9a09d554fc,0.0,9813623,8327941587,31000000,14200000,15900000,0,8
2026-08-25T00:56:04.293Z,tcc_benchmark_postgres,1f2ff9d557e1,58.68,166513869,8327941587,1730000000,4670000000,73300000,1740000000,27
2026-08-25T00:56:08.455Z,tcc-postgresql-backend-benchmark-locust-run-1af81d3e7d09,55b5ac62ce93,47.92,188114534,8327941587,138000000,15000000,0,0,1
2026-08-25T00:56:08.455Z,tcc_benchmark_dotnet_api,f0d0bf7c9133,50.02,112512205,8327941587,688000000,960000000,93400000,0,24
2026-08-25T00:56:08.455Z,tcc_benchmark_grafana,135abf368c34,0.06,74186752,8327941587,57600,33900,222000000,758000,20
2026-08-25T00:56:08.455Z,tcc_benchmark_results_exporter,996fd2a9341c,0.01,35242639,8327941587,665000,55400000,26000000,8190,1
2026-08-25T00:56:08.455Z,tcc_benchmark_cadvisor,32e5cd243d1d,4.69,48853156,8327941587,467000,12800000,43200000,0,13
2026-08-25T00:56:08.455Z,tcc_benchmark_prometheus,d7ed9eff3c31,0.47,66888663,8327941587,76900000,1910000,155000000,39900000,10
2026-08-25T00:56:08.455Z,tcc_benchmark_postgres_exporter,fe9a09d554fc,0.0,9654239,8327941587,31100000,14200000,15900000,0,8
2026-08-25T00:56:08.455Z,tcc_benchmark_postgres,1f2ff9d557e1,53.93,167038157,8327941587,1730000000,4680000000,73300000,1740000000,27
2026-08-25T00:56:12.604Z,tcc-postgresql-backend-benchmark-locust-run-1af81d3e7d09,55b5ac62ce93,51.49,188324250,8327941587,148000000,16000000,0,0,1
2026-08-25T00:56:12.604Z,tcc_benchmark_dotnet_api,f0d0bf7c9133,53.56,112826778,8327941587,695000000,970000000,93400000,0,24
2026-08-25T00:56:12.604Z,tcc_benchmark_grafana,135abf368c34,2.65,74448896,8327941587,57600,33900,222000000,758000,20
2026-08-25T00:56:12.604Z,tcc_benchmark_results_exporter,996fd2a9341c,8.21,35263611,8327941587,666000,55600000,26000000,8190,1
2026-08-25T00:56:12.604Z,tcc_benchmark_cadvisor,32e5cd243d1d,0.48,48779756,8327941587,467000,12800000,43200000,0,13
2026-08-25T00:56:12.604Z,tcc_benchmark_prometheus,d7ed9eff3c31,0.0,66657976,8327941587,77100000,1910000,155000000,40000000,10
2026-08-25T00:56:12.604Z,tcc_benchmark_postgres_exporter,fe9a09d554fc,0.0,9937355,8327941587,31100000,14200000,15900000,0,8
2026-08-25T00:56:12.604Z,tcc_benchmark_postgres,1f2ff9d557e1,50.01,167038157,8327941587,1730000000,4680000000,73300000,1740000000,27
2026-08-25T00:56:16.760Z,tcc-postgresql-backend-benchmark-locust-run-1af81d3e7d09,55b5ac62ce93,53.63,188114534,8327941587,156000000,17000000,0,0,1
2026-08-25T00:56:16.760Z,tcc_benchmark_dotnet_api,f0d0bf7c9133,59.38,112512205,8327941587,703000000,982000000,93400000,0,24
2026-08-25T00:56:16.760Z,tcc_benchmark_grafana,135abf368c34,0.06,74186752,8327941587,57600,33900,222000000,758000,20
2026-08-25T00:56:16.760Z,tcc_benchmark_results_exporter,996fd2a9341c,0.01,35190211,8327941587,667000,55800000,26000000,8190,1
2026-08-25T00:56:16.760Z,tcc_benchmark_cadvisor,32e5cd243d1d,0.8,49062871,8327941587,467000,12800000,43200000,0,13
2026-08-25T00:56:16.760Z,tcc_benchmark_prometheus,d7ed9eff3c31,0.69,66731377,8327941587,77300000,1920000,155000000,40000000,10
2026-08-25T00:56:16.760Z,tcc_benchmark_postgres_exporter,fe9a09d554fc,0.0,9654239,8327941587,31200000,14200000,15900000,0,8
2026-08-25T00:56:16.760Z,tcc_benchmark_postgres,1f2ff9d557e1,66.62,167143014,8327941587,1740000000,4690000000,73300000,1750000000,27
2026-08-25T00:56:20.931Z,tcc-postgresql-backend-benchmark-locust-run-1af81d3e7d09,55b5ac62ce93,53.68,188219392,8327941587,166000000,18100000,0,0,1
2026-08-25T00:56:20.931Z,tcc_benchmark_dotnet_api,f0d0bf7c9133,59.85,112721920,8327941587,711000000,993000000,93400000,0,24
2026-08-25T00:56:20.931Z,tcc_benchmark_grafana,135abf368c34,0.15,74186752,8327941587,57600,33900,222000000,758000,20
2026-08-25T00:56:20.931Z,tcc_benchmark_results_exporter,996fd2a9341c,1.31,35347497,8327941587,668000,55900000,26000000,8190,1
2026-08-25T00:56:20.931Z,tcc_benchmark_cadvisor,32e5cd243d1d,0.37,49115300,8327941587,468000,12800000,43200000,0,13
2026-08-25T00:56:20.931Z,tcc_benchmark_prometheus,d7ed9eff3c31,0.14,67391980,8327941587,77400000,1920000,155000000,40000000,10
2026-08-25T00:56:20.931Z,tcc_benchmark_postgres_exporter,fe9a09d554fc,1.87,9716105,8327941587,31200000,14200000,15900000,0,8
2026-08-25T00:56:20.931Z,tcc_benchmark_postgres,1f2ff9d557e1,62.85,167247872,8327941587,1740000000,4700000000,73300000,1750000000,27
2026-08-25T00:56:25.088Z,tcc-postgresql-backend-benchmark-locust-run-1af81d3e7d09,55b5ac62ce93,50.0,188114534,8327941587,179000000,19600000,0,0,1
2026-08-25T00:56:25.088Z,tcc_benchmark_dotnet_api,f0d0bf7c9133,51.13,112721920,8327941587,718000000,1000000000,93400000,0,24
2026-08-25T00:56:25.088Z,tcc_benchmark_grafana,135abf368c34,0.08,74186752,8327941587,57600,33900,222000000,758000,20
2026-08-25T00:56:25.088Z,tcc_benchmark_results_exporter,996fd2a9341c,4.77,35074867,8327941587,669000,56100000,26000000,8190,1
2026-08-25T00:56:25.088Z,tcc_benchmark_cadvisor,32e5cd243d1d,0.57,49094328,8327941587,469000,12800000,43200000,0,13
2026-08-25T00:56:25.088Z,tcc_benchmark_prometheus,d7ed9eff3c31,0.39,67465380,8327941587,77700000,1920000,155000000,40000000,10
2026-08-25T00:56:25.088Z,tcc_benchmark_postgres_exporter,fe9a09d554fc,0.0,9458156,8327941587,31200000,14200000,15900000,0,8
2026-08-25T00:56:25.088Z,tcc_benchmark_postgres,1f2ff9d557e1,58.46,167352730,8327941587,1740000000,4710000000,73300000,1750000000,27
2026-08-25T00:56:29.244Z,tcc-postgresql-backend-benchmark-locust-run-1af81d3e7d09,55b5ac62ce93,49.32,188219392,8327941587,187000000,20400000,0,0,1
2026-08-25T00:56:29.244Z,tcc_benchmark_dotnet_api,f0d0bf7c9133,60.34,112512205,8327941587,728000000,1020000000,93400000,0,24
2026-08-25T00:56:29.244Z,tcc_benchmark_grafana,135abf368c34,0.05,74186752,8327941587,57600,33900,222000000,758000,20
2026-08-25T00:56:29.244Z,tcc_benchmark_results_exporter,996fd2a9341c,0.01,35043410,8327941587,669000,56100000,26000000,8190,1
2026-08-25T00:56:29.244Z,tcc_benchmark_cadvisor,32e5cd243d1d,3.36,49356472,8327941587,469000,12800000,43200000,0,13
2026-08-25T00:56:29.244Z,tcc_benchmark_prometheus,d7ed9eff3c31,0.45,67266150,8327941587,77800000,1920000,155000000,40000000,10
2026-08-25T00:56:29.244Z,tcc_benchmark_postgres_exporter,fe9a09d554fc,0.0,9310306,8327941587,31300000,14300000,15900000,0,8
2026-08-25T00:56:29.244Z,tcc_benchmark_postgres,1f2ff9d557e1,62.61,167038157,8327941587,1750000000,4710000000,73300000,1750000000,27
2026-08-25T00:56:33.417Z,tcc-postgresql-backend-benchmark-locust-run-1af81d3e7d09,55b5ac62ce93,47.36,188114534,8327941587,200000000,21900000,0,0,1
2026-08-25T00:56:33.417Z,tcc_benchmark_dotnet_api,f0d0bf7c9133,55.17,112617062,8327941587,736000000,1030000000,93400000,0,24
2026-08-25T00:56:33.417Z,tcc_benchmark_grafana,135abf368c34,0.07,74207724,8327941587,57600,33900,222000000,758000,20
2026-08-25T00:56:33.417Z,tcc_benchmark_results_exporter,996fd2a9341c,5.41,35221668,8327941587,670000,56300000,26000000,8190,1
2026-08-25T00:56:33.417Z,tcc_benchmark_cadvisor,32e5cd243d1d,2.44,49534730,8327941587,470000,12900000,43200000,0,13
2026-08-25T00:56:33.417Z,tcc_benchmark_prometheus,d7ed9eff3c31,0.0,67391980,8327941587,78000000,1920000,155000000,40000000,10
2026-08-25T00:56:33.417Z,tcc_benchmark_postgres_exporter,fe9a09d554fc,0.0,8994685,8327941587,31300000,14300000,15900000,0,8
2026-08-25T00:56:33.417Z,tcc_benchmark_postgres,1f2ff9d557e1,52.36,167352730,8327941587,1750000000,4720000000,73300000,1760000000,27
2026-08-25T00:56:37.584Z,tcc-postgresql-backend-benchmark-locust-run-1af81d3e7d09,55b5ac62ce93,48.96,188114534,8327941587,211000000,23000000,0,0,1
2026-08-25T00:56:37.584Z,tcc_benchmark_dotnet_api,f0d0bf7c9133,56.47,112512205,8327941587,744000000,1040000000,93400000,0,24
2026-08-25T00:56:37.584Z,tcc_benchmark_grafana,135abf368c34,0.07,74197238,8327941587,57600,33900,222000000,758000,20
2026-08-25T00:56:37.584Z,tcc_benchmark_results_exporter,996fd2a9341c,8.56,35620127,8327941587,671000,56500000,26000000,8190,1
2026-08-25T00:56:37.584Z,tcc_benchmark_cadvisor,32e5cd243d1d,0.73,49702502,8327941587,470000,12900000,43200000,0,13
2026-08-25T00:56:37.584Z,tcc_benchmark_prometheus,d7ed9eff3c31,0.0,66857206,8327941587,78200000,1930000,155000000,40000000,10
2026-08-25T00:56:37.584Z,tcc_benchmark_postgres_exporter,fe9a09d554fc,0.0,9535750,8327941587,31300000,14300000,15900000,0,8
2026-08-25T00:56:37.584Z,tcc_benchmark_postgres,1f2ff9d557e1,59.39,167143014,8327941587,1750000000,4730000000,73300000,1760000000,27
2026-08-25T00:56:41.772Z,tcc-postgresql-backend-benchmark-locust-run-1af81d3e7d09,55b5ac62ce93,50.33,188324250,8327941587,219000000,23900000,0,0,1
2026-08-25T00:56:41.772Z,tcc_benchmark_dotnet_api,f0d0bf7c9133,59.73,112407347,8327941587,753000000,1050000000,93400000,0,24
2026-08-25T00:56:41.772Z,tcc_benchmark_grafana,135abf368c34,0.08,74438410,8327941587,57600,33900,222000000,758000,20
2026-08-25T00:56:41.772Z,tcc_benchmark_results_exporter,996fd2a9341c,0.01,34854666,8327941587,672000,56700000,26000000,8190,1
2026-08-25T00:56:41.772Z,tcc_benchmark_cadvisor,32e5cd243d1d,0.82,44533023,8327941587,471000,12900000,43200000,0,13
2026-08-25T00:56:41.772Z,tcc_benchmark_prometheus,d7ed9eff3c31,0.62,67360522,8327941587,78400000,1930000,155000000,40200000,10
2026-08-25T00:56:41.772Z,tcc_benchmark_postgres_exporter,fe9a09d554fc,0.0,9838789,8327941587,31400000,14300000,15900000,0,8
2026-08-25T00:56:41.772Z,tcc_benchmark_postgres,1f2ff9d557e1,58.92,167143014,8327941587,1750000000,4740000000,73300000,1760000000,27
2026-08-25T00:56:45.913Z,tcc-postgresql-backend-benchmark-locust-run-1af81d3e7d09,55b5ac62ce93,45.21,188114534,8327941587,231000000,25300000,0,0,1
2026-08-25T00:56:45.913Z,tcc_benchmark_dotnet_api,f0d0bf7c9133,52.03,112407347,8327941587,760000000,1060000000,93400000,0,23
2026-08-25T00:56:45.913Z,tcc_benchmark_grafana,135abf368c34,0.07,74186752,8327941587,57600,33900,222000000,758000,20
2026-08-25T00:56:45.913Z,tcc_benchmark_results_exporter,996fd2a9341c,1.16,34980495,8327941587,673000,56800000,26000000,8190,1
2026-08-25T00:56:45.913Z,tcc_benchmark_cadvisor,32e5cd243d1d,0.4,45046825,8327941587,471000,12900000,43200000,0,13
2026-08-25T00:56:45.913Z,tcc_benchmark_prometheus,d7ed9eff3c31,1.09,66857206,8327941587,78600000,1930000,155000000,40200000,10
2026-08-25T00:56:45.913Z,tcc_benchmark_postgres_exporter,fe9a09d554fc,0.0,9347006,8327941587,31400000,14300000,15900000,0,8
2026-08-25T00:56:45.913Z,tcc_benchmark_postgres,1f2ff9d557e1,57.84,167457587,8327941587,1760000000,4740000000,73300000,1770000000,27
2026-08-25T00:56:50.080Z,tcc-postgresql-backend-benchmark-locust-run-1af81d3e7d09,55b5ac62ce93,57.85,188324250,8327941587,239000000,26200000,0,0,1
2026-08-25T00:56:50.080Z,tcc_benchmark_dotnet_api,f0d0bf7c9133,52.0,112512205,8327941587,768000000,1070000000,93400000,0,23
2026-08-25T00:56:50.080Z,tcc_benchmark_grafana,135abf368c34,0.9,74448896,8327941587,57600,33900,222000000,758000,20
2026-08-25T00:56:50.080Z,tcc_benchmark_results_exporter,996fd2a9341c,4.88,35074867,8327941587,675000,57000000,26000000,8190,1
2026-08-25T00:56:50.080Z,tcc_benchmark_cadvisor,32e5cd243d1d,0.8,42928701,8327941587,472000,12900000,43200000,0,13
2026-08-25T00:56:50.080Z,tcc_benchmark_prometheus,d7ed9eff3c31,0.33,67066921,8327941587,78800000,1930000,155000000,40200000,10
2026-08-25T00:56:50.080Z,tcc_benchmark_postgres_exporter,fe9a09d554fc,0.0,9424601,8327941587,31400000,14300000,15900000,0,8
2026-08-25T00:56:50.080Z,tcc_benchmark_postgres,1f2ff9d557e1,53.36,167247872,8327941587,1760000000,4750000000,73300000,1770000000,27
2026-08-25T00:56:54.239Z,tcc-postgresql-backend-benchmark-locust-run-1af81d3e7d09,55b5ac62ce93,51.75,188114534,8327941587,252000000,27500000,0,0,1
2026-08-25T00:56:54.239Z,tcc_benchmark_dotnet_api,f0d0bf7c9133,69.77,112302490,8327941587,775000000,1080000000,93400000,0,23
2026-08-25T00:56:54.239Z,tcc_benchmark_grafana,135abf368c34,0.07,74448896,8327941587,57600,33900,222000000,758000,20
2026-08-25T00:56:54.239Z,tcc_benchmark_results_exporter,996fd2a9341c,0.01,34886124,8327941587,675000,57000000,26000000,8190,1
2026-08-25T00:56:54.239Z,tcc_benchmark_cadvisor,32e5cd243d1d,3.12,43736105,8327941587,473000,12900000,43200000,0,13
2026-08-25T00:56:54.239Z,tcc_benchmark_prometheus,d7ed9eff3c31,0.47,67035464,8327941587,78800000,1930000,155000000,40200000,10
2026-08-25T00:56:54.239Z,tcc_benchmark_postgres_exporter,fe9a09d554fc,0.0,9589228,8327941587,31500000,14400000,15900000,0,8
2026-08-25T00:56:54.239Z,tcc_benchmark_postgres,1f2ff9d557e1,59.87,167038157,8327941587,1760000000,4760000000,73300000,1770000000,27
2026-08-25T00:56:58.388Z,tcc-postgresql-backend-benchmark-locust-run-1af81d3e7d09,55b5ac62ce93,63.23,188324250,8327941587,259000000,28200000,0,0,1
2026-08-25T00:56:58.388Z,tcc_benchmark_dotnet_api,f0d0bf7c9133,67.5,113980211,8327941587,785000000,1100000000,93400000,0,24
2026-08-25T00:56:58.388Z,tcc_benchmark_grafana,135abf368c34,0.06,74186752,8327941587,57600,33900,222000000,758000,20
2026-08-25T00:56:58.388Z,tcc_benchmark_results_exporter,996fd2a9341c,9.85,34844180,8327941587,676000,57200000,26000000,8190,1
2026-08-25T00:56:58.388Z,tcc_benchmark_cadvisor,32e5cd243d1d,2.01,43799020,8327941587,473000,13000000,43200000,0,13
2026-08-25T00:56:58.388Z,tcc_benchmark_prometheus,d7ed9eff3c31,0.47,67182264,8327941587,79000000,1940000,155000000,40200000,10
2026-08-25T00:56:58.388Z,tcc_benchmark_postgres_exporter,fe9a09d554fc,0.0,9285140,8327941587,31500000,14400000,15900000,0,8
2026-08-25T00:56:58.388Z,tcc_benchmark_postgres,1f2ff9d557e1,69.53,165045862,8327941587,1770000000,4760000000,73300000,1770000000,27
2026-08-25T00:57:02.553Z,tcc-postgresql-backend-benchmark-locust-run-1af81d3e7d09,55b5ac62ce93,56.55,188324250,8327941587,272000000,29500000,0,0,1
2026-08-25T00:57:02.553Z,tcc_benchmark_dotnet_api,f0d0bf7c9133,52.07,113770496,8327941587,791000000,1100000000,93400000,0,23
2026-08-25T00:57:02.553Z,tcc_benchmark_grafana,135abf368c34,0.07,74186752,8327941587,57600,33900,222000000,758000,20
2026-08-25T00:57:02.553Z,tcc_benchmark_results_exporter,996fd2a9341c,0.01,34655437,8327941587,677000,57400000,26000000,8190,1
2026-08-25T00:57:02.553Z,tcc_benchmark_cadvisor,32e5cd243d1d,0.64,44092621,8327941587,473000,13000000,43200000,0,13
2026-08-25T00:57:02.553Z,tcc_benchmark_prometheus,d7ed9eff3c31,0.0,67412951,8327941587,79200000,1940000,155000000,40200000,10
2026-08-25T00:57:02.553Z,tcc_benchmark_postgres_exporter,fe9a09d554fc,0.0,9068085,8327941587,31600000,14400000,15900000,0,8
2026-08-25T00:57:02.553Z,tcc_benchmark_postgres,1f2ff9d557e1,70.27,167038157,8327941587,1770000000,4770000000,73300000,1780000000,28
2026-08-25T00:57:06.725Z,tcc-postgresql-backend-benchmark-locust-run-1af81d3e7d09,55b5ac62ce93,55.21,188533965,8327941587,279000000,30400000,0,0,1
2026-08-25T00:57:06.725Z,tcc_benchmark_dotnet_api,f0d0bf7c9133,52.85,112721920,8327941587,801000000,1120000000,93400000,0,23
2026-08-25T00:57:06.725Z,tcc_benchmark_grafana,135abf368c34,0.07,74186752,8327941587,57600,33900,222000000,758000,20
2026-08-25T00:57:06.725Z,tcc_benchmark_results_exporter,996fd2a9341c,0.01,34749809,8327941587,678000,57500000,26000000,8190,1
2026-08-25T00:57:06.725Z,tcc_benchmark_cadvisor,32e5cd243d1d,0.57,45875200,8327941587,474000,13000000,43200000,0,13
2026-08-25T00:57:06.725Z,tcc_benchmark_prometheus,d7ed9eff3c31,0.52,66909635,8327941587,79400000,1940000,155000000,40200000,10
2026-08-25T00:57:06.725Z,tcc_benchmark_postgres_exporter,fe9a09d554fc,0.0,9003074,8327941587,31600000,14400000,15900000,0,8
2026-08-25T00:57:06.725Z,tcc_benchmark_postgres,1f2ff9d557e1,52.6,167352730,8327941587,1770000000,4780000000,73300000,1780000000,27
2026-08-25T00:57:10.903Z,tcc-postgresql-backend-benchmark-locust-run-1af81d3e7d09,55b5ac62ce93,55.41,188533965,8327941587,293000000,31800000,0,0,1
2026-08-25T00:57:10.903Z,tcc_benchmark_dotnet_api,f0d0bf7c9133,67.92,112826778,8327941587,810000000,1130000000,93400000,0,23
2026-08-25T00:57:10.903Z,tcc_benchmark_grafana,135abf368c34,0.12,74186752,8327941587,57600,33900,222000000,758000,20
2026-08-25T00:57:10.903Z,tcc_benchmark_results_exporter,996fd2a9341c,1.3,34917581,8327941587,679000,57700000,26000000,8190,1
2026-08-25T00:57:10.903Z,tcc_benchmark_cadvisor,32e5cd243d1d,0.62,46137344,8327941587,475000,13000000,43200000,0,13
2026-08-25T00:57:10.903Z,tcc_benchmark_prometheus,d7ed9eff3c31,1.21,67276636,8327941587,79700000,1940000,155000000,40200000,10
2026-08-25T00:57:10.903Z,tcc_benchmark_postgres_exporter,fe9a09d554fc,1.65,9416212,8327941587,31700000,14500000,15900000,0,8
2026-08-25T00:57:10.903Z,tcc_benchmark_postgres,1f2ff9d557e1,70.73,167038157,8327941587,1770000000,4790000000,73300000,1780000000,27
2026-08-25T00:57:15.067Z,tcc-postgresql-backend-benchmark-locust-run-1af81d3e7d09,55b5ac62ce93,56.5,188429107,8327941587,303000000,32800000,0,0,1
2026-08-25T00:57:15.067Z,tcc_benchmark_dotnet_api,f0d0bf7c9133,63.9,112617062,8327941587,818000000,1140000000,93400000,0,24
2026-08-25T00:57:15.067Z,tcc_benchmark_grafana,135abf368c34,0.07,74186752,8327941587,57600,33900,222000000,758000,20
2026-08-25T00:57:15.067Z,tcc_benchmark_results_exporter,996fd2a9341c,5.24,35410412,8327941587,680000,57900000,26000000,8190,1
2026-08-25T00:57:15.067Z,tcc_benchmark_cadvisor,32e5cd243d1d,0.55,46724547,8327941587,475000,13000000,43200000,0,13
2026-08-25T00:57:15.067Z,tcc_benchmark_prometheus,d7ed9eff3c31,0.33,67108864,8327941587,79900000,1950000,155000000,40400000,10
2026-08-25T00:57:15.067Z,tcc_benchmark_postgres_exporter,fe9a09d554fc,0.0,8912896,8327941587,31700000,14500000,15900000,0,8
2026-08-25T00:57:15.067Z,tcc_benchmark_postgres,1f2ff9d557e1,57.25,166933299,8327941587,1780000000,4790000000,73300000,1780000000,27
2026-08-25T00:57:19.248Z,tcc-postgresql-backend-benchmark-locust-run-1af81d3e7d09,55b5ac62ce93,46.89,188324250,8327941587,311000000,33600000,0,0,1
2026-08-25T00:57:19.248Z,tcc_benchmark_dotnet_api,f0d0bf7c9133,60.91,112721920,8327941587,826000000,1150000000,93400000,0,23
2026-08-25T00:57:19.248Z,tcc_benchmark_grafana,135abf368c34,0.3,74448896,8327941587,57600,33900,222000000,758000,20
2026-08-25T00:57:19.248Z,tcc_benchmark_results_exporter,996fd2a9341c,9.39,34917581,8327941587,680000,57900000,26000000,8190,1
2026-08-25T00:57:19.248Z,tcc_benchmark_cadvisor,32e5cd243d1d,2.76,47196406,8327941587,476000,13000000,43200000,0,13
2026-08-25T00:57:19.248Z,tcc_benchmark_prometheus,d7ed9eff3c31,0.64,67098378,8327941587,79900000,1950000,155000000,40400000,10
2026-08-25T00:57:19.248Z,tcc_benchmark_postgres_exporter,fe9a09d554fc,0.0,9437184,8327941587,31700000,14500000,15900000,0,8
2026-08-25T00:57:19.248Z,tcc_benchmark_postgres,1f2ff9d557e1,66.36,166933299,8327941587,1780000000,4800000000,73300000,1780000000,27
2026-08-25T00:57:23.388Z,tcc-postgresql-backend-benchmark-locust-run-1af81d3e7d09,55b5ac62ce93,54.4,188219392,8327941587,323000000,34900000,0,0,1
2026-08-25T00:57:23.388Z,tcc_benchmark_dotnet_api,f0d0bf7c9133,49.85,112617062,8327941587,832000000,1160000000,93400000,0,23
2026-08-25T00:57:23.388Z,tcc_benchmark_grafana,135abf368c34,0.06,74186752,8327941587,57600,33900,222000000,758000,20
2026-08-25T00:57:23.388Z,tcc_benchmark_results_exporter,996fd2a9341c,0.01,34917581,8327941587,681000,58100000,26000000,8190,1
2026-08-25T00:57:23.388Z,tcc_benchmark_cadvisor,32e5cd243d1d,3.6,44690309,8327941587,477000,13100000,43200000,0,13
2026-08-25T00:57:23.388Z,tcc_benchmark_prometheus,d7ed9eff3c31,0.48,67129836,8327941587,80100000,1950000,155000000,40400000,10
2026-08-25T00:57:23.388Z,tcc_benchmark_postgres_exporter,fe9a09d554fc,0.0,10146021,8327941587,31800000,14500000,15900000,0,8
2026-08-25T00:57:23.388Z,tcc_benchmark_postgres,1f2ff9d557e1,72.09,167247872,8327941587,1780000000,4810000000,73300000,1790000000,27
2026-08-25T00:57:27.539Z,tcc-postgresql-backend-benchmark-locust-run-1af81d3e7d09,55b5ac62ce93,55.88,188429107,8327941587,332000000,35900000,0,0,1
2026-08-25T00:57:27.539Z,tcc_benchmark_dotnet_api,f0d0bf7c9133,66.66,112721920,8327941587,842000000,1170000000,93400000,0,23
2026-08-25T00:57:27.539Z,tcc_benchmark_grafana,135abf368c34,0.07,74186752,8327941587,57600,33900,222000000,758000,20
2026-08-25T00:57:27.539Z,tcc_benchmark_results_exporter,996fd2a9341c,0.01,34812723,8327941587,682000,58300000,26000000,8190,1
2026-08-25T00:57:27.539Z,tcc_benchmark_cadvisor,32e5cd243d1d,0.57,44931482,8327941587,477000,13100000,43200000,0,13
2026-08-25T00:57:27.539Z,tcc_benchmark_prometheus,d7ed9eff3c31,0.0,67014492,8327941587,80300000,1950000,155000000,40400000,10
2026-08-25T00:57:27.539Z,tcc_benchmark_postgres_exporter,fe9a09d554fc,0.0,8982102,8327941587,31800000,14500000,15900000,0,8
2026-08-25T00:57:27.539Z,tcc_benchmark_postgres,1f2ff9d557e1,37.13,167038157,8327941587,1780000000,4810000000,73300000,1790000000,27
2026-08-25T00:57:31.695Z,tcc-postgresql-backend-benchmark-locust-run-1af81d3e7d09,55b5ac62ce93,44.41,188219392,8327941587,343000000,37000000,0,0,1
2026-08-25T00:57:31.695Z,tcc_benchmark_dotnet_api,f0d0bf7c9133,53.13,112721920,8327941587,850000000,1190000000,93400000,0,23
2026-08-25T00:57:31.695Z,tcc_benchmark_grafana,135abf368c34,0.05,74186752,8327941587,57600,33900,222000000,758000,20
2026-08-25T00:57:31.695Z,tcc_benchmark_results_exporter,996fd2a9341c,3.86,35295068,8327941587,683000,58400000,26000000,8190,1
2026-08-25T00:57:31.695Z,tcc_benchmark_cadvisor,32e5cd243d1d,0.7,45686456,8327941587,477000,13100000,43200000,0,13
2026-08-25T00:57:31.695Z,tcc_benchmark_prometheus,d7ed9eff3c31,0.59,67444408,8327941587,80500000,1950000,155000000,40400000,10
2026-08-25T00:57:31.695Z,tcc_benchmark_postgres_exporter,fe9a09d554fc,0.0,9544139,8327941587,31900000,14500000,15900000,0,8
2026-08-25T00:57:31.695Z,tcc_benchmark_postgres,1f2ff9d557e1,53.83,167143014,8327941587,1790000000,4820000000,73300000,1790000000,27
2026-08-25T00:57:35.861Z,tcc-postgresql-backend-benchmark-locust-run-1af81d3e7d09,55b5ac62ce93,47.01,188429107,8327941587,350000000,37800000,0,0,1
2026-08-25T00:57:35.861Z,tcc_benchmark_dotnet_api,f0d0bf7c9133,66.81,112721920,8327941587,858000000,1200000000,93400000,0,23
2026-08-25T00:57:35.861Z,tcc_benchmark_grafana,135abf368c34,0.09,74186752,8327941587,57600,33900,222000000,758000,20
2026-08-25T00:57:35.861Z,tcc_benchmark_results_exporter,996fd2a9341c,1.48,34875638,8327941587,684000,58600000,26000000,8190,1
2026-08-25T00:57:35.861Z,tcc_benchmark_cadvisor,32e5cd243d1d,0.55,45686456,8327941587,478000,13100000,43200000,0,13
2026-08-25T00:57:35.861Z,tcc_benchmark_prometheus,d7ed9eff3c31,1.1,67129836,8327941587,80700000,1960000,155000000,40400000,10
2026-08-25T00:57:35.861Z,tcc_benchmark_postgres_exporter,fe9a09d554fc,2.05,9306112,8327941587,31900000,14600000,15900000,0,8
2026-08-25T00:57:35.861Z,tcc_benchmark_postgres,1f2ff9d557e1,67.31,167143014,8327941587,1790000000,4830000000,73300000,1800000000,27
2026-08-25T00:57:40.008Z,tcc-postgresql-backend-benchmark-locust-run-1af81d3e7d09,55b5ac62ce93,52.7,188429107,8327941587,364000000,39300000,0,0,1
2026-08-25T00:57:40.008Z,tcc_benchmark_dotnet_api,f0d0bf7c9133,62.69,112721920,8327941587,865000000,1210000000,93400000,0,23
2026-08-25T00:57:40.008Z,tcc_benchmark_grafana,135abf368c34,0.77,74448896,8327941587,57600,33900,222000000,758000,20
2026-08-25T00:57:40.008Z,tcc_benchmark_results_exporter,996fd2a9341c,14.73,35337011,8327941587,685000,58800000,26000000,8190,1
2026-08-25T00:57:40.008Z,tcc_benchmark_cadvisor,32e5cd243d1d,0.53,46976205,8327941587,479000,13100000,43200000,0,13
2026-08-25T00:57:40.008Z,tcc_benchmark_prometheus,d7ed9eff3c31,0.35,67297608,8327941587,80900000,1960000,155000000,40400000,10
2026-08-25T00:57:40.008Z,tcc_benchmark_postgres_exporter,fe9a09d554fc,0.0,8957985,8327941587,31900000,14600000,15900000,0,8
2026-08-25T00:57:40.008Z,tcc_benchmark_postgres,1f2ff9d557e1,69.45,167247872,8327941587,1790000000,4840000000,73300000,1800000000,27
2026-08-25T00:57:44.189Z,tcc-postgresql-backend-benchmark-locust-run-1af81d3e7d09,55b5ac62ce93,40.76,188219392,8327941587,375000000,40400000,0,0,1
2026-08-25T00:57:44.189Z,tcc_benchmark_dotnet_api,f0d0bf7c9133,48.83,112721920,8327941587,875000000,1220000000,93400000,0,23
2026-08-25T00:57:44.189Z,tcc_benchmark_grafana,135abf368c34,0.06,74186752,8327941587,57600,33900,222000000,758000,20
2026-08-25T00:57:44.189Z,tcc_benchmark_results_exporter,996fd2a9341c,0.01,35085353,8327941587,685000,58800000,26000000,8190,1
2026-08-25T00:57:44.189Z,tcc_benchmark_cadvisor,32e5cd243d1d,2.64,47227863,8327941587,480000,13100000,43200000,0,13
2026-08-25T00:57:44.189Z,tcc_benchmark_prometheus,d7ed9eff3c31,0.0,67381494,8327941587,80900000,1960000,155000000,40400000,10
2026-08-25T00:57:44.189Z,tcc_benchmark_postgres_exporter,fe9a09d554fc,0.0,9441378,8327941587,32000000,14600000,15900000,0,8
2026-08-25T00:57:44.189Z,tcc_benchmark_postgres,1f2ff9d557e1,64.28,167457587,8327941587,1800000000,4850000000,73300000,1800000000,27
2026-08-25T00:57:48.338Z,tcc-postgresql-backend-benchmark-locust-run-1af81d3e7d09,55b5ac62ce93,45.79,188114534,8327941587,384000000,41500000,0,0,1
2026-08-25T00:57:48.338Z,tcc_benchmark_dotnet_api,f0d0bf7c9133,52.59,112826778,8327941587,883000000,1230000000,93400000,0,23
2026-08-25T00:57:48.338Z,tcc_benchmark_grafana,135abf368c34,0.07,74186752,8327941587,57600,33900,222000000,758000,20
2026-08-25T00:57:48.338Z,tcc_benchmark_results_exporter,996fd2a9341c,0.01,34676408,8327941587,686000,59000000,26000000,8190,1
2026-08-25T00:57:48.338Z,tcc_benchmark_cadvisor,32e5cd243d1d,3.36,48643441,8327941587,480000,13200000,43200000,0,13
2026-08-25T00:57:48.338Z,tcc_benchmark_prometheus,d7ed9eff3c31,0.49,67287122,8327941587,81200000,1960000,155000000,40500000,10
2026-08-25T00:57:48.338Z,tcc_benchmark_postgres_exporter,fe9a09d554fc,0.0,10030678,8327941587,32000000,14600000,15900000,0,8
2026-08-25T00:57:48.338Z,tcc_benchmark_postgres,1f2ff9d557e1,62.01,166933299,8327941587,1800000000,4850000000,73300000,1800000000,27
2026-08-25T00:57:52.505Z,tcc-postgresql-backend-benchmark-locust-run-1af81d3e7d09,55b5ac62ce93,54.32,188219392,8327941587,396000000,42700000,0,0,1
2026-08-25T00:57:52.505Z,tcc_benchmark_dotnet_api,f0d0bf7c9133,69.4,112512205,8327941587,892000000,1250000000,93400000,0,23
2026-08-25T00:57:52.505Z,tcc_benchmark_grafana,135abf368c34,0.07,74427924,8327941587,57600,33900,222000000,758000,20
2026-08-25T00:57:52.505Z,tcc_benchmark_results_exporter,996fd2a9341c,0.01,34970010,8327941587,687000,59200000,26000000,8190,1
2026-08-25T00:57:52.505Z,tcc_benchmark_cadvisor,32e5cd243d1d,0.55,49031414,8327941587,480000,13200000,43200000,0,13
2026-08-25T00:57:52.505Z,tcc_benchmark_prometheus,d7ed9eff3c31,0.0,67276636,8327941587,81400000,1960000,155000000,40500000,10
2026-08-25T00:57:52.505Z,tcc_benchmark_postgres_exporter,fe9a09d554fc,0.0,9011462,8327941587,32000000,14600000,15900000,0,8
2026-08-25T00:57:52.505Z,tcc_benchmark_postgres,1f2ff9d557e1,70.05,167352730,8327941587,1800000000,4860000000,73300000,1810000000,27
2026-08-25T00:57:56.683Z,tcc-postgresql-backend-benchmark-locust-run-1af81d3e7d09,55b5ac62ce93,53.11,188114534,8327941587,403000000,43500000,0,0,1
2026-08-25T00:57:56.683Z,tcc_benchmark_dotnet_api,f0d0bf7c9133,44.13,112721920,8327941587,899000000,1260000000,93400000,0,23
2026-08-25T00:57:56.683Z,tcc_benchmark_grafana,135abf368c34,0.05,74186752,8327941587,57600,33900,222000000,758000,20
2026-08-25T00:57:56.683Z,tcc_benchmark_results_exporter,996fd2a9341c,0.01,35001467,8327941587,688000,59300000,26000000,8190,1
2026-08-25T00:57:56.683Z,tcc_benchmark_cadvisor,32e5cd243d1d,0.54,49094328,8327941587,481000,13200000,43200000,0,13
2026-08-25T00:57:56.683Z,tcc_benchmark_prometheus,d7ed9eff3c31,0.57,67224207,8327941587,81600000,1960000,155000000,40500000,10
2026-08-25T00:57:56.683Z,tcc_benchmark_postgres_exporter,fe9a09d554fc,0.0,9129951,8327941587,32100000,14600000,15900000,0,8
2026-08-25T00:57:56.683Z,tcc_benchmark_postgres,1f2ff9d557e1,49.71,167562445,8327941587,1810000000,4870000000,73300000,1810000000,27
2026-08-25T00:58:00.839Z,tcc-postgresql-backend-benchmark-locust-run-1af81d3e7d09,55b5ac62ce93,56.07,188324250,8327941587,416000000,44800000,0,0,1
2026-08-25T00:58:00.839Z,tcc_benchmark_dotnet_api,f0d0bf7c9133,65.33,113665638,8327941587,908000000,1270000000,93400000,0,24
2026-08-25T00:58:00.839Z,tcc_benchmark_grafana,135abf368c34,0.16,74186752,8327941587,57600,33900,222000000,758000,20
2026-08-25T00:58:00.839Z,tcc_benchmark_results_exporter,996fd2a9341c,13.55,35106324,8327941587,690000,59500000,26000000,8190,1
2026-08-25T00:58:00.839Z,tcc_benchmark_cadvisor,32e5cd243d1d,0.52,49094328,8327941587,482000,13200000,43200000,0,13
2026-08-25T00:58:00.839Z,tcc_benchmark_prometheus,d7ed9eff3c31,1.14,67391980,8327941587,81800000,1970000,155000000,40500000,10
2026-08-25T00:58:00.839Z,tcc_benchmark_postgres_exporter,fe9a09d554fc,0.0,9084862,8327941587,32100000,14600000,15900000,0,8
2026-08-25T00:58:00.839Z,tcc_benchmark_postgres,1f2ff9d557e1,74.45,165989581,8327941587,1810000000,4870000000,73300000,1810000000,27
2026-08-25T00:58:04.994Z,tcc-postgresql-backend-benchmark-locust-run-1af81d3e7d09,55b5ac62ce93,56.21,188219392,8327941587,427000000,45900000,0,0,1
2026-08-25T00:58:04.994Z,tcc_benchmark_dotnet_api,f0d0bf7c9133,67.28,113770496,8327941587,916000000,1280000000,93400000,0,23
2026-08-25T00:58:04.994Z,tcc_benchmark_grafana,135abf368c34,0.05,74186752,8327941587,57600,33900,222000000,758000,20
2026-08-25T00:58:04.994Z,tcc_benchmark_results_exporter,996fd2a9341c,4.83,35357983,8327941587,690000,59500000,26000000,8190,2
2026-08-25T00:58:04.994Z,tcc_benchmark_cadvisor,32e5cd243d1d,0.29,49335501,8327941587,482000,13200000,43200000,0,13
2026-08-25T00:58:04.994Z,tcc_benchmark_prometheus,d7ed9eff3c31,0.44,67119350,8327941587,81800000,1970000,155000000,40500000,10
2026-08-25T00:58:04.994Z,tcc_benchmark_postgres_exporter,fe9a09d554fc,0.0,9306112,8327941587,32100000,14700000,15900000,0,8
2026-08-25T00:58:04.994Z,tcc_benchmark_postgres,1f2ff9d557e1,72.89,166409011,8327941587,1810000000,4880000000,73300000,1810000000,27
2026-08-25T00:58:09.159Z,tcc-postgresql-backend-benchmark-locust-run-1af81d3e7d09,55b5ac62ce93,53.24,188429107,8327941587,438000000,47100000,0,0,1
2026-08-25T00:58:09.159Z,tcc_benchmark_dotnet_api,f0d0bf7c9133,66.59,112826778,8327941587,925000000,1290000000,93400000,0,23
2026-08-25T00:58:09.159Z,tcc_benchmark_grafana,135abf368c34,0.07,74186752,8327941587,57600,33900,222000000,758000,20
2026-08-25T00:58:09.159Z,tcc_benchmark_results_exporter,996fd2a9341c,0.01,35148268,8327941587,691000,59700000,26000000,8190,1
2026-08-25T00:58:09.159Z,tcc_benchmark_cadvisor,32e5cd243d1d,4.45,47836037,8327941587,483000,13200000,43200000,0,13
2026-08-25T00:58:09.159Z,tcc_benchmark_prometheus,d7ed9eff3c31,0.0,67066921,8327941587,82000000,1970000,155000000,40500000,10
2026-08-25T00:58:09.159Z,tcc_benchmark_postgres_exporter,fe9a09d554fc,0.0,9347006,8327941587,32200000,14700000,15900000,0,8
2026-08-25T00:58:09.159Z,tcc_benchmark_postgres,1f2ff9d557e1,70.57,166723584,8327941587,1810000000,4890000000,73300000,1810000000,27
2026-08-25T00:58:13.311Z,tcc-postgresql-backend-benchmark-locust-run-1af81d3e7d09,55b5ac62ce93,55.06,188324250,8327941587,448000000,48200000,0,0,1
2026-08-25T00:58:13.311Z,tcc_benchmark_dotnet_api,f0d0bf7c9133,66.55,112721920,8327941587,931000000,1300000000,93400000,0,22
2026-08-25T00:58:13.311Z,tcc_benchmark_grafana,135abf368c34,0.07,74448896,8327941587,57600,33900,222000000,758000,20
2026-08-25T00:58:13.311Z,tcc_benchmark_results_exporter,996fd2a9341c,0.01,34980495,8327941587,692000,59900000,26000000,8190,1
2026-08-25T00:58:13.311Z,tcc_benchmark_cadvisor,32e5cd243d1d,2.0,48203039,8327941587,484000,13300000,43200000,0,13
2026-08-25T00:58:13.311Z,tcc_benchmark_prometheus,d7ed9eff3c31,0.59,67339551,8327941587,82200000,1970000,155000000,40500000,10
2026-08-25T00:58:13.311Z,tcc_benchmark_postgres_exporter,fe9a09d554fc,0.0,9502196,8327941587,32200000,14700000,15900000,0,8
2026-08-25T00:58:13.311Z,tcc_benchmark_postgres,1f2ff9d557e1,68.34,166933299,8327941587,1820000000,4900000000,73300000,1820000000,27
2026-08-25T00:58:17.464Z,tcc-postgresql-backend-benchmark-locust-run-1af81d3e7d09,55b5ac62ce93,46.49,188533965,8327941587,459000000,49300000,0,0,1
2026-08-25T00:58:17.464Z,tcc_benchmark_dotnet_api,f0d0bf7c9133,57.73,112721920,8327941587,942000000,1310000000,93400000,0,22
2026-08-25T00:58:17.464Z,tcc_benchmark_grafana,135abf368c34,0.29,74711040,8327941587,57600,33900,222000000,758000,20
2026-08-25T00:58:17.464Z,tcc_benchmark_results_exporter,996fd2a9341c,0.01,35032924,8327941587,693000,60100000,26000000,8190,1
2026-08-25T00:58:17.464Z,tcc_benchmark_cadvisor,32e5cd243d1d,0.58,48024781,8327941587,484000,13300000,43200000,0,13
2026-08-25T00:58:17.464Z,tcc_benchmark_prometheus,d7ed9eff3c31,0.0,67329065,8327941587,82400000,1970000,155000000,40700000,10
2026-08-25T00:58:17.464Z,tcc_benchmark_postgres_exporter,fe9a09d554fc,0.0,8949596,8327941587,32300000,14700000,15900000,0,8
2026-08-25T00:58:17.464Z,tcc_benchmark_postgres,1f2ff9d557e1,56.26,166933299,8327941587,1820000000,4910000000,73300000,1820000000,27
2026-08-25T00:58:21.623Z,tcc-postgresql-backend-benchmark-locust-run-1af81d3e7d09,55b5ac62ce93,54.94,188429107,8327941587,469000000,50300000,0,0,1
2026-08-25T00:58:21.623Z,tcc_benchmark_dotnet_api,f0d0bf7c9133,65.51,112931635,8327941587,950000000,1330000000,93400000,0,24
2026-08-25T00:58:21.623Z,tcc_benchmark_grafana,135abf368c34,0.06,74186752,8327941587,57600,33900,222000000,758000,20
2026-08-25T00:58:21.623Z,tcc_benchmark_results_exporter,996fd2a9341c,9.39,35389440,8327941587,694000,60200000,26000000,8190,1
2026-08-25T00:58:21.623Z,tcc_benchmark_cadvisor,32e5cd243d1d,0.44,48276439,8327941587,484000,13300000,43200000,0,13
2026-08-25T00:58:21.623Z,tcc_benchmark_prometheus,d7ed9eff3c31,0.54,66899149,8327941587,82600000,1980000,155000000,40700000,10
2026-08-25T00:58:21.623Z,tcc_benchmark_postgres_exporter,fe9a09d554fc,0.0,9437184,8327941587,32300000,14700000,15900000,0,8
2026-08-25T00:58:21.623Z,tcc_benchmark_postgres,1f2ff9d557e1,68.05,166828442,8327941587,1820000000,4910000000,73300000,1820000000,27
2026-08-25T00:58:25.787Z,tcc-postgresql-backend-benchmark-locust-run-1af81d3e7d09,55b5ac62ce93,57.41,188219392,8327941587,479000000,51400000,0,0,1
2026-08-25T00:58:25.787Z,tcc_benchmark_dotnet_api,f0d0bf7c9133,50.72,112512205,8327941587,955000000,1330000000,93400000,0,24
2026-08-25T00:58:25.787Z,tcc_benchmark_grafana,135abf368c34,0.06,74186752,8327941587,57600,33900,222000000,758000,20
2026-08-25T00:58:25.787Z,tcc_benchmark_results_exporter,996fd2a9341c,1.9,35305554,8327941587,695000,60200000,26000000,8190,2
2026-08-25T00:58:25.787Z,tcc_benchmark_cadvisor,32e5cd243d1d,0.65,48664412,8327941587,485000,13300000,43200000,0,13
2026-08-25T00:58:25.787Z,tcc_benchmark_prometheus,d7ed9eff3c31,0.52,67066921,8327941587,82800000,1980000,155000000,40700000,10
2026-08-25T00:58:25.787Z,tcc_benchmark_postgres_exporter,fe9a09d554fc,1.68,9711911,8327941587,32400000,14800000,15900000,0,8
2026-08-25T00:58:25.787Z,tcc_benchmark_postgres,1f2ff9d557e1,72.96,166933299,8327941587,1830000000,4920000000,73300000,1830000000,27
2026-08-25T00:58:29.936Z,tcc-postgresql-backend-benchmark-locust-run-1af81d3e7d09,55b5ac62ce93,50.17,188429107,8327941587,486000000,52100000,0,0,1
2026-08-25T00:58:29.936Z,tcc_benchmark_dotnet_api,f0d0bf7c9133,65.27,112931635,8327941587,965000000,1350000000,93400000,0,24
2026-08-25T00:58:29.936Z,tcc_benchmark_grafana,135abf368c34,0.73,74448896,8327941587,57600,33900,222000000,758000,20
2026-08-25T00:58:29.936Z,tcc_benchmark_results_exporter,996fd2a9341c,3.66,35337011,8327941587,696000,60400000,26000000,8190,2
2026-08-25T00:58:29.936Z,tcc_benchmark_cadvisor,32e5cd243d1d,0.44,47542436,8327941587,486000,13300000,43200000,0,13
2026-08-25T00:58:29.936Z,tcc_benchmark_prometheus,d7ed9eff3c31,0.1,67140321,8327941587,82900000,1980000,155000000,40700000,10
2026-08-25T00:58:29.936Z,tcc_benchmark_postgres_exporter,fe9a09d554fc,0.0,9166651,8327941587,32400000,14800000,15900000,0,8
2026-08-25T00:58:29.936Z,tcc_benchmark_postgres,1f2ff9d557e1,78.2,166723584,8327941587,1830000000,4930000000,73300000,1830000000,27
2026-08-25T00:58:34.097Z,tcc-postgresql-backend-benchmark-locust-run-1af81d3e7d09,55b5ac62ce93,58.82,188429107,8327941587,498000000,53500000,0,0,1
2026-08-25T00:58:34.097Z,tcc_benchmark_dotnet_api,f0d0bf7c9133,64.97,112721920,8327941587,973000000,1360000000,93400000,0,24
2026-08-25T00:58:34.097Z,tcc_benchmark_grafana,135abf368c34,0.08,74197238,8327941587,57600,33900,222000000,758000,20
2026-08-25T00:58:34.097Z,tcc_benchmark_results_exporter,996fd2a9341c,0.01,35316040,8327941587,696000,60600000,26000000,8190,1
2026-08-25T00:58:34.097Z,tcc_benchmark_cadvisor,32e5cd243d1d,0.3,47531950,8327941587,486000,13300000,43200000,0,13
2026-08-25T00:58:34.097Z,tcc_benchmark_prometheus,d7ed9eff3c31,0.63,67916268,8327941587,83100000,1980000,155000000,40700000,10
2026-08-25T00:58:34.097Z,tcc_benchmark_postgres_exporter,fe9a09d554fc,0.0,9097445,8327941587,32400000,14800000,15900000,0,8
2026-08-25T00:58:34.097Z,tcc_benchmark_postgres,1f2ff9d557e1,65.17,166933299,8327941587,1830000000,4940000000,73300000,1830000000,27
2026-08-25T00:58:38.281Z,tcc-postgresql-backend-benchmark-locust-run-1af81d3e7d09,55b5ac62ce93,55.86,188533965,8327941587,509000000,54600000,0,0,1
2026-08-25T00:58:38.281Z,tcc_benchmark_dotnet_api,f0d0bf7c9133,66.91,112721920,8327941587,981000000,1370000000,93400000,0,24
2026-08-25T00:58:38.281Z,tcc_benchmark_grafana,135abf368c34,0.08,74197238,8327941587,57600,33900,222000000,758000,20
2026-08-25T00:58:38.281Z,tcc_benchmark_results_exporter,996fd2a9341c,0.01,35263611,8327941587,697000,60800000,26000000,8190,1
2026-08-25T00:58:38.281Z,tcc_benchmark_cadvisor,32e5cd243d1d,0.62,47143977,8327941587,486000,13300000,43200000,0,13
2026-08-25T00:58:38.281Z,tcc_benchmark_prometheus,d7ed9eff3c31,0.5,68146954,8327941587,83300000,1990000,155000000,40700000,10
2026-08-25T00:58:38.281Z,tcc_benchmark_postgres_exporter,fe9a09d554fc,0.0,9187623,8327941587,32500000,14800000,15900000,0,8
2026-08-25T00:58:38.281Z,tcc_benchmark_postgres,1f2ff9d557e1,65.36,166618726,8327941587,1830000000,4940000000,73300000,1830000000,27
2026-08-25T00:58:42.448Z,tcc-postgresql-backend-benchmark-locust-run-1af81d3e7d09,55b5ac62ce93,53.46,188324250,8327941587,519000000,55800000,0,0,1
2026-08-25T00:58:42.448Z,tcc_benchmark_dotnet_api,f0d0bf7c9133,51.85,112931635,8327941587,989000000,1380000000,93400000,0,24
2026-08-25T00:58:42.448Z,tcc_benchmark_grafana,135abf368c34,0.09,74459382,8327941587,57600,33900,222000000,758000,20
2026-08-25T00:58:42.448Z,tcc_benchmark_results_exporter,996fd2a9341c,8.95,34875638,8327941587,699000,61000000,26000000,8190,1
2026-08-25T00:58:42.448Z,tcc_benchmark_cadvisor,32e5cd243d1d,0.52,47154463,8327941587,487000,13300000,43200000,0,13
2026-08-25T00:58:42.448Z,tcc_benchmark_prometheus,d7ed9eff3c31,0.0,67643638,8327941587,83500000,1990000,155000000,40700000,10
2026-08-25T00:58:42.448Z,tcc_benchmark_postgres_exporter,fe9a09d554fc,0.06,9486467,8327941587,32500000,14800000,15900000,0,8
2026-08-25T00:58:42.448Z,tcc_benchmark_postgres,1f2ff9d557e1,60.4,166723584,8327941587,1840000000,4950000000,73300000,1830000000,27
2026-08-25T00:58:46.615Z,tcc-postgresql-backend-benchmark-locust-run-1af81d3e7d09,55b5ac62ce93,51.38,188429107,8327941587,527000000,56600000,0,0,1
2026-08-25T00:58:46.615Z,tcc_benchmark_dotnet_api,f0d0bf7c9133,62.19,112931635,8327941587,998000000,1390000000,93400000,0,24
2026-08-25T00:58:46.615Z,tcc_benchmark_grafana,135abf368c34,0.06,74197238,8327941587,57600,33900,222000000,758000,20
2026-08-25T00:58:46.615Z,tcc_benchmark_results_exporter,996fd2a9341c,3.36,38797312,8327941587,700000,61100000,26000000,8190,2
2026-08-25T00:58:46.615Z,tcc_benchmark_cadvisor,32e5cd243d1d,0.7,49345987,8327941587,488000,13400000,43200000,0,13
2026-08-25T00:58:46.615Z,tcc_benchmark_prometheus,d7ed9eff3c31,0.57,67832381,8327941587,83700000,1990000,155000000,40900000,10
2026-08-25T00:58:46.615Z,tcc_benchmark_postgres_exporter,fe9a09d554fc,0.0,9478078,8327941587,32600000,14900000,15900000,0,8
2026-08-25T00:58:46.615Z,tcc_benchmark_postgres,1f2ff9d557e1,66.71,167038157,8327941587,1840000000,4960000000,73300000,1840000000,27
2026-08-25T00:58:50.782Z,tcc-postgresql-backend-benchmark-locust-run-1af81d3e7d09,55b5ac62ce93,47.08,188743680,8327941587,539000000,57900000,0,0,1
2026-08-25T00:58:50.782Z,tcc_benchmark_dotnet_api,f0d0bf7c9133,51.84,112407347,8327941587,1010000000,1400000000,93400000,0,24
2026-08-25T00:58:50.782Z,tcc_benchmark_grafana,135abf368c34,0.15,74197238,8327941587,57600,33900,222000000,758000,20
2026-08-25T00:58:50.782Z,tcc_benchmark_results_exporter,996fd2a9341c,3.12,35053896,8327941587,701000,61300000,26000000,8190,1
2026-08-25T00:58:50.782Z,tcc_benchmark_cadvisor,32e5cd243d1d,0.61,49136271,8327941587,488000,13400000,43200000,0,13
2026-08-25T00:58:50.782Z,tcc_benchmark_prometheus,d7ed9eff3c31,0.48,68000154,8327941587,83900000,1990000,155000000,40900000,10
2026-08-25T00:58:50.782Z,tcc_benchmark_postgres_exporter,fe9a09d554fc,1.58,9682551,8327941587,32600000,14900000,15900000,0,8
2026-08-25T00:58:50.782Z,tcc_benchmark_postgres,1f2ff9d557e1,65.09,167352730,8327941587,1840000000,4960000000,73300000,1840000000,27
2026-08-25T00:58:54.958Z,tcc-postgresql-backend-benchmark-locust-run-1af81d3e7d09,55b5ac62ce93,46.58,188533965,8327941587,550000000,59000000,0,0,1
2026-08-25T00:58:54.958Z,tcc_benchmark_dotnet_api,f0d0bf7c9133,54.17,112931635,8327941587,1010000000,1420000000,93400000,0,24
2026-08-25T00:58:54.958Z,tcc_benchmark_grafana,135abf368c34,0.05,74197238,8327941587,57600,33900,222000000,758000,20
2026-08-25T00:58:54.958Z,tcc_benchmark_results_exporter,996fd2a9341c,4.54,35567698,8327941587,701000,61300000,26000000,8190,2
2026-08-25T00:58:54.958Z,tcc_benchmark_cadvisor,32e5cd243d1d,0.65,46084915,8327941587,489000,13400000,43200000,0,13
2026-08-25T00:58:54.958Z,tcc_benchmark_prometheus,d7ed9eff3c31,0.11,67853353,8327941587,83900000,1990000,155000000,40900000,10
2026-08-25T00:58:54.958Z,tcc_benchmark_postgres_exporter,fe9a09d554fc,0.0,9342812,8327941587,32600000,14900000,15900000,0,8
2026-08-25T00:58:54.958Z,tcc_benchmark_postgres,1f2ff9d557e1,56.67,167143014,8327941587,1840000000,4970000000,73300000,1840000000,27
2026-08-25T00:58:59.100Z,tcc-postgresql-backend-benchmark-locust-run-1af81d3e7d09,55b5ac62ce93,45.65,188638822,8327941587,559000000,60000000,0,0,1
2026-08-25T00:58:59.100Z,tcc_benchmark_dotnet_api,f0d0bf7c9133,51.89,112826778,8327941587,1020000000,1430000000,93400000,0,24
2026-08-25T00:58:59.100Z,tcc_benchmark_grafana,135abf368c34,0.06,74197238,8327941587,57600,33900,222000000,758000,20
2026-08-25T00:58:59.100Z,tcc_benchmark_results_exporter,996fd2a9341c,0.01,35462840,8327941587,702000,61500000,26000000,8190,1
2026-08-25T00:58:59.100Z,tcc_benchmark_cadvisor,32e5cd243d1d,2.12,46105887,8327941587,490000,13400000,43200000,0,13
2026-08-25T00:58:59.100Z,tcc_benchmark_prometheus,d7ed9eff3c31,0.46,67853353,8327941587,84100000,1990000,155000000,40900000,10
2026-08-25T00:58:59.100Z,tcc_benchmark_postgres_exporter,fe9a09d554fc,0.0,9240052,8327941587,32700000,14900000,15900000,0,8
2026-08-25T00:58:59.100Z,tcc_benchmark_postgres,1f2ff9d557e1,63.74,167038157,8327941587,1850000000,4980000000,73300000,1840000000,27
2026-08-25T00:59:03.262Z,tcc-postgresql-backend-benchmark-locust-run-1af81d3e7d09,55b5ac62ce93,48.25,188324250,8327941587,567000000,60800000,0,0,1
2026-08-25T00:59:03.262Z,tcc_benchmark_dotnet_api,f0d0bf7c9133,59.35,112512205,8327941587,1030000000,1440000000,93400000,0,24
2026-08-25T00:59:03.262Z,tcc_benchmark_grafana,135abf368c34,0.08,74197238,8327941587,57600,33900,222000000,758000,20
2026-08-25T00:59:03.262Z,tcc_benchmark_results_exporter,996fd2a9341c,0.01,35525755,8327941587,703000,61700000,26000000,8190,1
2026-08-25T00:59:03.262Z,tcc_benchmark_cadvisor,32e5cd243d1d,2.42,40967864,8327941587,490000,13400000,43200000,0,13
2026-08-25T00:59:03.262Z,tcc_benchmark_prometheus,d7ed9eff3c31,0.34,67874324,8327941587,84300000,2000000,155000000,40900000,10
2026-08-25T00:59:03.262Z,tcc_benchmark_postgres_exporter,fe9a09d554fc,0.0,9191817,8327941587,32700000,14900000,15900000,0,8
2026-08-25T00:59:03.262Z,tcc_benchmark_postgres,1f2ff9d557e1,64.17,167143014,8327941587,1850000000,4990000000,73300000,1850000000,27
2026-08-25T00:59:07.426Z,tcc-postgresql-backend-benchmark-locust-run-1af81d3e7d09,55b5ac62ce93,55.3,188219392,8327941587,579000000,62200000,0,0,1
2026-08-25T00:59:07.426Z,tcc_benchmark_dotnet_api,f0d0bf7c9133,67.31,112826778,8327941587,1040000000,1450000000,93400000,0,23
2026-08-25T00:59:07.426Z,tcc_benchmark_grafana,135abf368c34,0.08,74197238,8327941587,57600,33900,222000000,758000,20
2026-08-25T00:59:07.426Z,tcc_benchmark_results_exporter,996fd2a9341c,0.01,35011953,8327941587,704000,61900000,26000000,8190,1
2026-08-25T00:59:07.426Z,tcc_benchmark_cadvisor,32e5cd243d1d,0.87,40946893,8327941587,490000,13400000,43200000,0,13
2026-08-25T00:59:07.426Z,tcc_benchmark_prometheus,d7ed9eff3c31,0.0,68115497,8327941587,84500000,2000000,155000000,40900000,10
2026-08-25T00:59:07.426Z,tcc_benchmark_postgres_exporter,fe9a09d554fc,0.0,9011462,8327941587,32700000,14900000,15900000,0,8
2026-08-25T00:59:07.426Z,tcc_benchmark_postgres,1f2ff9d557e1,71.23,167457587,8327941587,1850000000,4990000000,73300000,1850000000,27
2026-08-25T00:59:11.601Z,tcc-postgresql-backend-benchmark-locust-run-1af81d3e7d09,55b5ac62ce93,47.86,188429107,8327941587,587000000,63000000,0,0,1
2026-08-25T00:59:11.601Z,tcc_benchmark_dotnet_api,f0d0bf7c9133,58.03,112826778,8327941587,1050000000,1460000000,93400000,0,23
2026-08-25T00:59:11.601Z,tcc_benchmark_grafana,135abf368c34,0.08,74197238,8327941587,57600,33900,222000000,758000,20
2026-08-25T00:59:11.601Z,tcc_benchmark_results_exporter,996fd2a9341c,4.71,35431383,8327941587,705000,62000000,26000000,8190,1
2026-08-25T00:59:11.601Z,tcc_benchmark_cadvisor,32e5cd243d1d,0.92,40873492,8327941587,491000,13500000,43200000,0,13
2026-08-25T00:59:11.601Z,tcc_benchmark_prometheus,d7ed9eff3c31,0.57,67884810,8327941587,84700000,2000000,155000000,40900000,10
2026-08-25T00:59:11.601Z,tcc_benchmark_postgres_exporter,fe9a09d554fc,0.0,9580839,8327941587,32800000,15000000,15900000,0,8
2026-08-25T00:59:11.601Z,tcc_benchmark_postgres,1f2ff9d557e1,75.83,167247872,8327941587,1860000000,5000000000,73300000,1850000000,27
2026-08-25T00:59:15.771Z,tcc-postgresql-backend-benchmark-locust-run-1af81d3e7d09,55b5ac62ce93,49.66,188638822,8327941587,600000000,64300000,0,0,1
2026-08-25T00:59:15.771Z,tcc_benchmark_dotnet_api,f0d0bf7c9133,58.55,112721920,8327941587,1050000000,1470000000,93400000,0,23
2026-08-25T00:59:15.771Z,tcc_benchmark_grafana,135abf368c34,0.08,74197238,8327941587,57600,33900,222000000,758000,20
2026-08-25T00:59:15.771Z,tcc_benchmark_results_exporter,996fd2a9341c,3.5,35095839,8327941587,706000,62200000,26000000,8190,1
2026-08-25T00:59:15.771Z,tcc_benchmark_cadvisor,32e5cd243d1d,0.55,41439724,8327941587,492000,13500000,43200000,0,13
2026-08-25T00:59:15.771Z,tcc_benchmark_prometheus,d7ed9eff3c31,0.61,67633152,8327941587,85000000,2000000,155000000,40900000,10
2026-08-25T00:59:15.771Z,tcc_benchmark_postgres_exporter,fe9a09d554fc,2.02,9957278,8327941587,32800000,15000000,15900000,0,8
2026-08-25T00:59:15.771Z,tcc_benchmark_postgres,1f2ff9d557e1,70.98,166723584,8327941587,1860000000,5010000000,73300000,1860000000,27
2026-08-25T00:59:19.948Z,tcc-postgresql-backend-benchmark-locust-run-1af81d3e7d09,55b5ac62ce93,57.24,188324250,8327941587,610000000,65400000,0,0,1
2026-08-25T00:59:19.948Z,tcc_benchmark_dotnet_api,f0d0bf7c9133,52.72,112826778,8327941587,1060000000,1480000000,93400000,0,23
2026-08-25T00:59:19.948Z,tcc_benchmark_grafana,135abf368c34,0.93,74469868,8327941587,57600,33900,222000000,758000,20
2026-08-25T00:59:19.948Z,tcc_benchmark_results_exporter,996fd2a9341c,4.09,35504783,8327941587,707000,62200000,26000000,8190,2
2026-08-25T00:59:19.948Z,tcc_benchmark_cadvisor,32e5cd243d1d,1.24,42131784,8327941587,493000,13500000,43200000,0,13
2026-08-25T00:59:19.948Z,tcc_benchmark_prometheus,d7ed9eff3c31,0.15,67633152,8327941587,85000000,2000000,155000000,41000000,10
2026-08-25T00:59:19.948Z,tcc_benchmark_postgres_exporter,fe9a09d554fc,0.0,9207546,8327941587,32800000,15000000,15900000,0,8
2026-08-25T00:59:19.948Z,tcc_benchmark_postgres,1f2ff9d557e1,79.02,167247872,8327941587,1860000000,5020000000,73300000,1860000000,27
2026-08-25T00:59:24.102Z,tcc-postgresql-backend-benchmark-locust-run-1af81d3e7d09,55b5ac62ce93,48.94,188324250,8327941587,620000000,66500000,0,0,1
2026-08-25T00:59:24.102Z,tcc_benchmark_dotnet_api,f0d0bf7c9133,58.93,112512205,8327941587,1070000000,1490000000,93400000,0,24
2026-08-25T00:59:24.102Z,tcc_benchmark_grafana,135abf368c34,0.07,74469868,8327941587,57600,33900,222000000,758000,20
2026-08-25T00:59:24.102Z,tcc_benchmark_results_exporter,996fd2a9341c,0.01,34781266,8327941587,707000,62400000,26000000,8190,1
2026-08-25T00:59:24.102Z,tcc_benchmark_cadvisor,32e5cd243d1d,2.44,42645586,8327941587,493000,13500000,43200000,0,13
2026-08-25T00:59:24.102Z,tcc_benchmark_prometheus,d7ed9eff3c31,0.0,67895296,8327941587,85200000,2010000,155000000,41000000,10
2026-08-25T00:59:24.102Z,tcc_benchmark_postgres_exporter,fe9a09d554fc,0.0,9686745,8327941587,32900000,15000000,15900000,0,8
2026-08-25T00:59:24.102Z,tcc_benchmark_postgres,1f2ff9d557e1,64.05,167562445,8327941587,1860000000,5020000000,73300000,1860000000,27
2026-08-25T00:59:28.283Z,tcc-postgresql-backend-benchmark-locust-run-1af81d3e7d09,55b5ac62ce93,34.43,188533965,8327941587,627000000,67200000,0,0,1
2026-08-25T00:59:28.283Z,tcc_benchmark_dotnet_api,f0d0bf7c9133,57.84,112826778,8327941587,1080000000,1500000000,93400000,0,23
2026-08-25T00:59:28.283Z,tcc_benchmark_grafana,135abf368c34,0.04,74207724,8327941587,57600,33900,222000000,758000,20
2026-08-25T00:59:28.283Z,tcc_benchmark_results_exporter,996fd2a9341c,10.29,34854666,8327941587,708000,62600000,26000000,8190,1
2026-08-25T00:59:28.283Z,tcc_benchmark_cadvisor,32e5cd243d1d,4.04,42907730,8327941587,494000,13500000,43200000,0,13
2026-08-25T00:59:28.283Z,tcc_benchmark_prometheus,d7ed9eff3c31,0.62,68157440,8327941587,85400000,2010000,155000000,41000000,10
2026-08-25T00:59:28.283Z,tcc_benchmark_postgres_exporter,fe9a09d554fc,0.0,9875489,8327941587,32900000,15000000,15900000,0,8
2026-08-25T00:59:28.283Z,tcc_benchmark_postgres,1f2ff9d557e1,66.82,167457587,8327941587,1870000000,5030000000,73300000,1860000000,27
2026-08-25T00:59:32.455Z,tcc-postgresql-backend-benchmark-locust-run-1af81d3e7d09,55b5ac62ce93,49.7,188533965,8327941587,639000000,68500000,0,0,1
2026-08-25T00:59:32.455Z,tcc_benchmark_dotnet_api,f0d0bf7c9133,62.04,112617062,8327941587,1090000000,1520000000,93400000,0,24
2026-08-25T00:59:32.455Z,tcc_benchmark_grafana,135abf368c34,0.08,74469868,8327941587,57600,33900,222000000,758000,20
2026-08-25T00:59:32.455Z,tcc_benchmark_results_exporter,996fd2a9341c,0.01,34990981,8327941587,709000,62700000,26000000,8190,1
2026-08-25T00:59:32.455Z,tcc_benchmark_cadvisor,32e5cd243d1d,0.65,42645586,8327941587,494000,13500000,43200000,0,13
2026-08-25T00:59:32.455Z,tcc_benchmark_prometheus,d7ed9eff3c31,0.0,68042097,8327941587,85600000,2010000,155000000,41000000,10
2026-08-25T00:59:32.455Z,tcc_benchmark_postgres_exporter,fe9a09d554fc,0.0,8745124,8327941587,33000000,15000000,15900000,0,8
2026-08-25T00:59:32.455Z,tcc_benchmark_postgres,1f2ff9d557e1,65.76,167457587,8327941587,1870000000,5040000000,73300000,1860000000,27
2026-08-25T00:59:36.609Z,tcc-postgresql-backend-benchmark-locust-run-1af81d3e7d09,55b5ac62ce93,52.4,188429107,8327941587,650000000,69600000,0,0,1
2026-08-25T00:59:36.609Z,tcc_benchmark_dotnet_api,f0d0bf7c9133,66.23,112721920,8327941587,1090000000,1530000000,93400000,0,23
2026-08-25T00:59:36.609Z,tcc_benchmark_grafana,135abf368c34,0.06,74469868,8327941587,57600,33900,222000000,758000,20
2026-08-25T00:59:36.609Z,tcc_benchmark_results_exporter,996fd2a9341c,0.01,34770780,8327941587,711000,62900000,26000000,8190,1
2026-08-25T00:59:36.609Z,tcc_benchmark_cadvisor,32e5cd243d1d,0.52,42886758,8327941587,495000,13600000,43200000,0,13
2026-08-25T00:59:36.609Z,tcc_benchmark_prometheus,d7ed9eff3c31,0.52,67748495,8327941587,85800000,2010000,155000000,41000000,10
2026-08-25T00:59:36.609Z,tcc_benchmark_postgres_exporter,fe9a09d554fc,2.07,9244246,8327941587,33000000,15100000,15900000,0,8
2026-08-25T00:59:36.609Z,tcc_benchmark_postgres,1f2ff9d557e1,79.61,167457587,8327941587,1870000000,5040000000,73300000,1860000000,27
2026-08-25T00:59:40.781Z,tcc-postgresql-backend-benchmark-locust-run-1af81d3e7d09,55b5ac62ce93,48.42,188429107,8327941587,658000000,70500000,0,0,1
2026-08-25T00:59:40.781Z,tcc_benchmark_dotnet_api,f0d0bf7c9133,56.14,112931635,8327941587,1100000000,1540000000,93400000,0,23
2026-08-25T00:59:40.781Z,tcc_benchmark_grafana,135abf368c34,0.17,74469868,8327941587,57600,33900,222000000,758000,20
2026-08-25T00:59:40.781Z,tcc_benchmark_results_exporter,996fd2a9341c,3.14,35022438,8327941587,712000,63100000,26000000,8190,1
2026-08-25T00:59:40.781Z,tcc_benchmark_cadvisor,32e5cd243d1d,0.53,43075502,8327941587,495000,13600000,43200000,0,13
2026-08-25T00:59:40.781Z,tcc_benchmark_prometheus,d7ed9eff3c31,0.5,67821896,8327941587,86000000,2020000,155000000,41000000,10
2026-08-25T00:59:40.781Z,tcc_benchmark_postgres_exporter,fe9a09d554fc,1.65,9011462,8327941587,33100000,15100000,15900000,0,8
2026-08-25T00:59:40.781Z,tcc_benchmark_postgres,1f2ff9d557e1,68.01,167667302,8327941587,1880000000,5050000000,73300000,1870000000,27
2026-08-25T00:59:44.936Z,tcc-postgresql-backend-benchmark-locust-run-1af81d3e7d09,55b5ac62ce93,50.78,188429107,8327941587,668000000,71600000,0,0,1
2026-08-25T00:59:44.936Z,tcc_benchmark_dotnet_api,f0d0bf7c9133,60.52,112931635,8327941587,1110000000,1550000000,93400000,0,23
2026-08-25T00:59:44.936Z,tcc_benchmark_grafana,135abf368c34,0.07,74469868,8327941587,57600,33900,222000000,758000,20
2026-08-25T00:59:44.936Z,tcc_benchmark_results_exporter,996fd2a9341c,3.86,35515269,8327941587,712000,63100000,26000000,8190,2
2026-08-25T00:59:44.936Z,tcc_benchmark_cadvisor,32e5cd243d1d,0.47,43819991,8327941587,496000,13600000,43200000,0,13
2026-08-25T00:59:44.936Z,tcc_benchmark_prometheus,d7ed9eff3c31,0.11,67916268,8327941587,86000000,2020000,155000000,41000000,10
2026-08-25T00:59:44.936Z,tcc_benchmark_postgres_exporter,fe9a09d554fc,0.0,8532263,8327941587,33100000,15100000,15900000,0,8
2026-08-25T00:59:44.936Z,tcc_benchmark_postgres,1f2ff9d557e1,64.54,167562445,8327941587,1880000000,5060000000,73300000,1870000000,27
2026-08-25T00:59:49.087Z,tcc-postgresql-backend-benchmark-locust-run-1af81d3e7d09,55b5ac62ce93,55.58,188429107,8327941587,681000000,73000000,0,0,1
2026-08-25T00:59:49.087Z,tcc_benchmark_dotnet_api,f0d0bf7c9133,67.18,112826778,8327941587,1120000000,1560000000,93400000,0,24
2026-08-25T00:59:49.087Z,tcc_benchmark_grafana,135abf368c34,0.11,74207724,8327941587,57600,33900,222000000,758000,20
2026-08-25T00:59:49.087Z,tcc_benchmark_results_exporter,996fd2a9341c,10.52,35347497,8327941587,713000,63300000,26000000,8190,1
2026-08-25T00:59:49.087Z,tcc_benchmark_cadvisor,32e5cd243d1d,3.08,44323308,8327941587,497000,13600000,43200000,0,13
2026-08-25T00:59:49.087Z,tcc_benchmark_prometheus,d7ed9eff3c31,0.51,67633152,8327941587,86200000,2020000,155000000,41000000,10
2026-08-25T00:59:49.087Z,tcc_benchmark_postgres_exporter,fe9a09d554fc,0.0,9310306,8327941587,33100000,15100000,15900000,0,8
2026-08-25T00:59:49.087Z,tcc_benchmark_postgres,1f2ff9d557e1,76.55,167562445,8327941587,1880000000,5070000000,73300000,1870000000,27
2026-08-25T00:59:53.253Z,tcc-postgresql-backend-benchmark-locust-run-1af81d3e7d09,55b5ac62ce93,51.05,188638822,8327941587,691000000,74000000,0,0,1
2026-08-25T00:59:53.253Z,tcc_benchmark_dotnet_api,f0d0bf7c9133,58.52,112721920,8327941587,1130000000,1570000000,93400000,0,23
2026-08-25T00:59:53.253Z,tcc_benchmark_grafana,135abf368c34,0.08,74469868,8327941587,57600,33900,222000000,758000,20
2026-08-25T00:59:53.253Z,tcc_benchmark_results_exporter,996fd2a9341c,0.01,34896609,8327941587,714000,63500000,26000000,8190,1
2026-08-25T00:59:53.253Z,tcc_benchmark_cadvisor,32e5cd243d1d,2.34,44396708,8327941587,497000,13600000,43200000,0,13
2026-08-25T00:59:53.253Z,tcc_benchmark_prometheus,d7ed9eff3c31,0.03,68125983,8327941587,86400000,2020000,155000000,41200000,10
2026-08-25T00:59:53.253Z,tcc_benchmark_postgres_exporter,fe9a09d554fc,0.0,9093251,8327941587,33200000,15100000,15900000,0,8
2026-08-25T00:59:53.253Z,tcc_benchmark_postgres,1f2ff9d557e1,62.23,167667302,8327941587,1880000000,5070000000,73300000,1880000000,27
2026-08-25T00:59:57.422Z,tcc-postgresql-backend-benchmark-locust-run-1af81d3e7d09,55b5ac62ce93,36.34,188324250,8327941587,701000000,75100000,0,0,1
2026-08-25T00:59:57.422Z,tcc_benchmark_dotnet_api,f0d0bf7c9133,41.98,112931635,8327941587,1140000000,1590000000,93400000,0,24
2026-08-25T00:59:57.422Z,tcc_benchmark_grafana,135abf368c34,0.05,74207724,8327941587,57600,33900,222000000,758000,20
2026-08-25T00:59:57.422Z,tcc_benchmark_results_exporter,996fd2a9341c,0.01,35295068,8327941587,715000,63600000,26000000,8190,1
2026-08-25T00:59:57.422Z,tcc_benchmark_cadvisor,32e5cd243d1d,0.58,44386222,8327941587,497000,13600000,43200000,0,13
2026-08-25T00:59:57.422Z,tcc_benchmark_prometheus,d7ed9eff3c31,0.0,67989668,8327941587,86600000,2020000,155000000,41200000,10
2026-08-25T00:59:57.422Z,tcc_benchmark_postgres_exporter,fe9a09d554fc,0.0,9359589,8327941587,33200000,15200000,15900000,0,8
2026-08-25T00:59:57.422Z,tcc_benchmark_postgres,1f2ff9d557e1,51.34,167667302,8327941587,1890000000,5080000000,73300000,1880000000,27
2026-08-25T01:00:01.595Z,tcc-postgresql-backend-benchmark-locust-run-1af81d3e7d09,55b5ac62ce93,54.93,188429107,8327941587,711000000,76100000,0,0,1
2026-08-25T01:00:01.595Z,tcc_benchmark_dotnet_api,f0d0bf7c9133,63.97,112407347,8327941587,1140000000,1600000000,93400000,0,23
2026-08-25T01:00:01.595Z,tcc_benchmark_grafana,135abf368c34,0.06,74207724,8327941587,57600,33900,222000000,758000,20
2026-08-25T01:00:01.595Z,tcc_benchmark_results_exporter,996fd2a9341c,0.01,34938552,8327941587,716000,63800000,26000000,8190,1
2026-08-25T01:00:01.595Z,tcc_benchmark_cadvisor,32e5cd243d1d,0.39,46661632,8327941587,498000,13700000,43200000,0,13
2026-08-25T01:00:01.595Z,tcc_benchmark_prometheus,d7ed9eff3c31,0.62,67675095,8327941587,86900000,2030000,155000000,41200000,10
2026-08-25T01:00:01.595Z,tcc_benchmark_postgres_exporter,fe9a09d554fc,0.0,10223616,8327941587,33300000,15200000,15900000,0,8
2026-08-25T01:00:01.595Z,tcc_benchmark_postgres,1f2ff9d557e1,68.81,167667302,8327941587,1890000000,5090000000,73300000,1880000000,27
2026-08-25T01:00:05.761Z,tcc-postgresql-backend-benchmark-locust-run-1af81d3e7d09,55b5ac62ce93,48.36,188324250,8327941587,721000000,77200000,0,0,1
2026-08-25T01:00:05.761Z,tcc_benchmark_dotnet_api,f0d0bf7c9133,59.61,112721920,8327941587,1150000000,1600000000,93400000,0,23
2026-08-25T01:00:05.761Z,tcc_benchmark_grafana,135abf368c34,0.08,74207724,8327941587,57600,33900,222000000,758000,20
2026-08-25T01:00:05.761Z,tcc_benchmark_results_exporter,996fd2a9341c,3.77,35546726,8327941587,717000,64000000,26000000,8190,1
2026-08-25T01:00:05.761Z,tcc_benchmark_cadvisor,32e5cd243d1d,0.21,46420460,8327941587,499000,13700000,43200000,0,13
2026-08-25T01:00:05.761Z,tcc_benchmark_prometheus,d7ed9eff3c31,0.53,67874324,8327941587,87100000,2030000,155000000,41200000,10
2026-08-25T01:00:05.761Z,tcc_benchmark_postgres_exporter,fe9a09d554fc,1.96,9600762,8327941587,33300000,15200000,15900000,0,8
2026-08-25T01:00:05.761Z,tcc_benchmark_postgres,1f2ff9d557e1,64.39,167038157,8327941587,1890000000,5100000000,73300000,1880000000,27
2026-08-25T01:00:09.915Z,tcc-postgresql-backend-benchmark-locust-run-1af81d3e7d09,55b5ac62ce93,42.72,188324250,8327941587,731000000,78200000,0,0,1
2026-08-25T01:00:09.915Z,tcc_benchmark_dotnet_api,f0d0bf7c9133,49.41,113770496,8327941587,1160000000,1620000000,93400000,0,24
2026-08-25T01:00:09.915Z,tcc_benchmark_grafana,135abf368c34,0.07,74207724,8327941587,57600,33900,222000000,758000,20
2026-08-25T01:00:09.915Z,tcc_benchmark_results_exporter,996fd2a9341c,13.62,35567698,8327941587,718000,64000000,26000000,8190,2
2026-08-25T01:00:09.915Z,tcc_benchmark_cadvisor,32e5cd243d1d,0.48,43327160,8327941587,499000,13700000,43200000,0,13
2026-08-25T01:00:09.915Z,tcc_benchmark_prometheus,d7ed9eff3c31,0.12,68430070,8327941587,87100000,2030000,155000000,41200000,10
2026-08-25T01:00:09.915Z,tcc_benchmark_postgres_exporter,fe9a09d554fc,0.0,8867807,8327941587,33300000,15200000,15900000,0,8
2026-08-25T01:00:09.915Z,tcc_benchmark_postgres,1f2ff9d557e1,57.66,167877018,8327941587,1890000000,5100000000,73300000,1880000000,27
2026-08-25T01:00:14.887Z,tcc_benchmark_dotnet_api,f0d0bf7c9133,0.01,112826778,8327941587,1160000000,1620000000,93400000,0,24
2026-08-25T01:00:14.887Z,tcc_benchmark_grafana,135abf368c34,0.08,74207724,8327941587,57600,33900,222000000,758000,20
2026-08-25T01:00:14.887Z,tcc_benchmark_results_exporter,996fd2a9341c,6.72,35724984,8327941587,719000,64200000,26000000,8190,2
2026-08-25T01:00:14.887Z,tcc_benchmark_cadvisor,32e5cd243d1d,1.84,43547361,8327941587,500000,13700000,43200000,0,13
2026-08-25T01:00:14.887Z,tcc_benchmark_prometheus,d7ed9eff3c31,0.23,67643638,8327941587,87300000,2030000,155000000,41300000,10
2026-08-25T01:00:14.887Z,tcc_benchmark_postgres_exporter,fe9a09d554fc,0.0,9056551,8327941587,33300000,15200000,15900000,0,8
2026-08-25T01:00:14.887Z,tcc_benchmark_postgres,1f2ff9d557e1,0.09,167981875,8327941587,1900000000,5110000000,73300000,1890000000,27
